Record Date,Receivable Type Description,Receivable Type ID,Funding Type Description,Funding Type ID,Beginning Fiscal Year Balance Amount,Beginning Fiscal Year Balance Count,New Receivables Amount,New Receivables Count,Accruals Amount,Collections on Receivables Amount,Collections on Receivables by Agency Amount,Collections on Receivables by Third Party Amount,Collections on Receivables by Asset Sales Amount,Collections on Receivables by TOP and Cross-Servicing Amount,Collections on Receivables by Sales After Foreclosure Amount,Collections on Receivables by DOJ Amount,Collections on Receivables Other Amount,Adjustments Total Amount,Adjustments Total Count,Reclassified/Adjusted Amount,Adjustments Due to Sale of Assets Amount,Consolidations Amount,Foreclosure Adjustments Amount,Written Off Debts Reinstated for Collection Amount,Written Off Total Amount,Written Off Total Count,Currently Not Collectible Amount,Currently Not Collectible Count,Written Off and Closed Out Amount,Written Off and Closed Out Count,Ending Balance Amount,Ending Balance Count,Foreign Sovereign Government Ending Amount,Foreign Sovereign Government Ending Count,State and Local Government Ending Amount,State and Local Government Ending Count,Rescheduled Delinquent Debt Ending Amount,Rescheduled Delinquent Debt Ending Count,Rescheduled Non-Delinquent Debt Ending Amount,Rescheduled Non-Delinquent Debt Ending Count,Interest and Late Charge Ending Amount,A-129 Currently Not Collectible Exclusions Ending Amount,A-129 Currently Not Collectible Exclusions Ending Count,Delinquent Debt 1-30 Days Amount,Delinquent Debt 1-30 Days Count,Delinquent Debt 31-60 Days Amount,Delinquent Debt 31-60 Days Count,Delinquent Debt 61-90 Days Amount,Delinquent Debt 61-90 Days Count,Delinquent Debt 91-120 Days Amount,Delinquent Debt 91-120 Days Count,Delinquent Debt 121-150 Days Amount,Delinquent Debt 121-150 Days Count,Delinquent Debt 151-180 Days Amount,Delinquent Debt 151-180 Days Count,Delinquent Debt 181-365 Days Amount,Delinquent Debt 181-365 Days Count,Delinquent Debt 1-2 Years Amount,Delinquent Debt 1-2 Years Count,Delinquent Debt 2-6 Years Amount,Delinquent Debt 2-6 Years Count,Delinquent Debt 6-10 Years Amount,Delinquent Debt 6-10 Years Count,Delinquent Debt Over 10 Years Amount,Delinquent Debt Over 10 Years Count,Delinquent Debt by Age Total Amount,Delinquent Debt by Age Total Count,Delinquent Debt Commercial Amount,Delinquent Debt Commercial Count,Delinquent Debt Consumer Amount,Delinquent Debt Consumer Count,Delinquent Debt Foreign Sovereign Government Amount,Delinquent Debt Foreign Sovereign Government Count,Delinquent Debt State Local Government Amount,Delinquent Debt State Local Government Count,Delinquent Debt by Category Total Amount,Delinquent Debt by Category Total Count,Credit Bureau Reporting Commercial Amount,Credit Bureau Reporting Commercial Count,Credit Bureau Reporting Consumer Amount,Credit Bureau Reporting Consumer Count,Credit Bureau Reporting Total Amount,Credit Bureau Reporting Total Count,Delinquent Debt 1-120 Days in Bankruptcy Amount,Delinquent Debt 1-120 Days in Bankruptcy Count,Delinquent Debt 1-120 Days in Forbearance Amount,Delinquent Debt 1-120 Days in Forbearance Count,Delinquent Debt 1-120 Days in Foreclosure Amount,Delinquent Debt 1-120 Days in Foreclosure Count,Delinquent Debt 1-120 Days at Private Collection Agencies Amount,Delinquent Debt 1-120 Days at Private Collection Agencies Count,Delinquent Debt 1-120 Days in Litigation Amount,Delinquent Debt 1-120 Days in Litigation Count,Delinquent Debt 1-120 Days in Internal Offset Amount,Delinquent Debt 1-120 Days in Internal Offset Count,Delinquent Debt 1-120 Days in Wage Garnishment Amount,Delinquent Debt 1-120 Days in Wage Garnishment Count,Delinquent Debt 1-120 Days by Cross-Servicing Amount,Delinquent Debt 1-120 Days by Cross-Servicing Count,Delinquent Debt 1-120 Days by TOP Amount,Delinquent Debt 1-120 Days by TOP Count,Delinquent Debt 1-120 Days at Agency Amount,Delinquent Debt 1-120 Days at Agency Count,Delinquent Debt 1-120 Days Other Amount,Delinquent Debt 1-120 Days Other Count,Delinquent Debt 1-120 Days Total Amount,Delinquent Debt 1-120 Days Total Count,TOP Eligible Delinquent Debt Over 120 Days Amount,TOP Eligible Delinquent Debt Over 120 Days Count,TOP Eligible Currently Not Collectible Amount,TOP Eligible Currently Not Collectible Count,TOP Eligible Over 120 Days and CNC Total Amount,TOP Eligible Over 120 Days and CNC Total Count,TOP Ineligible Bankruptcy Amount,TOP Ineligible Bankruptcy Count,TOP Ineligible Forbearance Amount,TOP Ineligible Forbearance Count,TOP Ineligible Foreclosure Amount,TOP Ineligible Foreclosure Count,TOP Ineligible Other Amount,TOP Ineligible Other Count,TOP Eligible Balance Amount,TOP Eligible Balance Count,TOP Exceptions Foreign Sovereign Amount,TOP Exceptions Foreign Sovereign Count,TOP Exceptions Litigation Amount,TOP Exceptions Litigation Count,TOP Exceptions Other Amount,TOP Exceptions Other Count,TOP Exceptions Agency Referral Amount,TOP Exceptions Agency Referral Count,TOP Exceptions Direct Referral Amount,TOP Exceptions Direct Referral Count,TOP Exceptions Cross-Servicing Referral Amount,TOP Exceptions Cross-Servicing Referral Count,TOP Referral Balance Amount,TOP Referral Balance Count,Cross-Servicing Eligible Delinquent Debt Over 180 Days Amount,Cross-Servicing Eligible Delinquent Debt Over 180 Days Count,Cross-Servicing Eligible Currently Not Collectible Amount,Cross-Servicing Eligible Currently Not Collectible Count,Cross-Servicing Eligible Over 180 Days and CNC Total Amount,Cross-Servicing Eligible Over 180 Days and CNC Total Count,Cross-Servicing Ineligible Bankruptcy Amount,Cross-Servicing Ineligible Bankruptcy Count,Cross-Servicing Ineligible Forbearance Amount,Cross-Servicing Ineligible Forbearance Count,Cross-Servicing Ineligible Foreclosure Amount,Cross-Servicing Ineligible Foreclosure Count,Cross-Servicing Ineligible Other Amount,Cross-Servicing Ineligible Other Count,Cross-Servicing Eligible Balance Amount,Cross-Servicing Eligible Balance Count,Cross-Servicing Exceptions Foreign Sovereign Amount,Cross-Servicing Exceptions Foreign Sovereign Count,Cross-Servicing Exceptions Litigation Amount,Cross-Servicing Exceptions Litigation Count,Cross-Servicing Exceptions Private Collection Agencies Amount,Cross-Servicing Exceptions Private Collection Agencies Count,Cross-Servicing Exceptions Internal Offset Amount,Cross-Servicing Exceptions Internal Offset Count,Cross-Servicing Exceptions Exempted by Treasury Amount,Cross-Servicing Exceptions Exempted by Treasury Count,Cross-Servicing Exceptions Returned Amount,Cross-Servicing Exceptions Returned Count,Cross-Servicing Exceptions Other Amount,Cross-Servicing Exceptions Other Count,Cross-Servicing Debt Required for Referral Amount,Cross-Servicing Debt Required for Referral Count,Cross-Servicing Debt Referred Amount,Cross-Servicing Debt Referred Count,Cross-Servicing Referral Balance Amount,Cross-Servicing Referral Balance Count,Collected Delinquent Debt by Private Collection Agencies Amount,Collected Delinquent Debt by Private Collection Agencies Count,Collected Delinquent Debt by Litigation Amount,Collected Delinquent Debt by Litigation Count,Collected Delinquent Debt by Internal Offset Amount,Collected Delinquent Debt by Internal Offset Count,Collected Delinquent Debt by Third Party Amount,Collected Delinquent Debt by Third Party Count,Collected Delinquent Debt by Asset Sales Amount,Collected Delinquent Debt by Asset Sales Count,Collected Delinquent Debt by Wage Garnishment Amount,Collected Delinquent Debt by Wage Garnishment Count,Collected Delinquent Debt by Cross-Servicing Amount,Collected Delinquent Debt by Cross-Servicing Count,Collected Delinquent Debt by TOP Amount,Collected Delinquent Debt by TOP Count,Collected Delinquent Debt by Agency Amount,Collected Delinquent Debt by Agency Count,Collected Delinquent Debt by Other Amount,Collected Delinquent Debt by Other Count,Collected Delinquent Debt Total Amount,Collected Delinquent Debt Total Count,CNC at Private Collection Agencies Amount,CNC at Private Collection Agencies Count,CNC for Cross-Servicing Amount,CNC for Cross-Servicing Count,CNC for TOP Amount,CNC for TOP Count,CNC Other Amount,CNC Other Count,CNC Total Amount,CNC Total Count,CNC Closed Out During Fiscal Year Amount,CNC Closed Out During Fiscal Year Count,Closed Out Previous Calendar Year Amount,Closed Out Previous Calendar Year Count,Reported to IRS 1099C Amount,Reported to IRS 1099C Count,Not Required for IRS 1099C Amount,Not Required for IRS 1099C Count,Not Reported to IRS 1099C Amount,Not Reported to IRS 1099C Count,Source Line Number,Fiscal Year,Fiscal Quarter Number,Calendar Year,Calendar Quarter Number,Calendar Month Number,Calendar Day Number
2025-03-31,Administrative Receivables,A,Non-CFO,02,22717950123,489760,37012518723,192213,313505121,-31278985930,-31240189353,-235235,0,-15653302,0,-22256986,-651054,-877360362,-30027,-884919630,300,0,0,7558968,-598945737,-29447,-568177446,-24325,-30768291,-5122,27288681938,505533,3202,33,1061183063,375,1777917,43,1043753,112,312236101,0,0,62857960,10954,6286712924,18630,411968657,6752,107661529,5893,31710677,6271,153948720,6696,1417359559,28012,6501311368,42490,341660817,19599,2863310,524,1532071,284,15319587592,146105,5351675181,85224,9917422769,60540,45083556,270,5406086,71,15319587592,146105,18339918,1479,199719070,26207,218058988,27686,571194,105,25362214,701,0,0,0,0,6140561352,259,790791,138,0,0,1021203,1654,79162901,13,620531481,33815,195055,130,6869201070,42229,8450386522,103876,18658821301,99328,27109207823,203204,-1009569282,-1179,-1152740932,-7468,0,0,-87996460,-9130,24858901149,185427,-42533800,-215,-10048569535,-3337,-9271627488,-38728,5496170326,143147,-1855881628,-1389,-3621291656,-126495,18997042,15263,8264727125,90909,18658821301,99328,26923548426,190237,-1007977076,-1047,-1145383712,-7378,0,0,-55446270,-6038,24714741368,175774,-36167831,-159,-9249474348,-3063,0,0,-15705194,-2738,0,0,-1243779357,-23350,-10336871896,16240,3832742742,162704,-3814339430,-144213,18403312,18491,0,0,168796992,438,16652065,48459,0,0,0,0,0,0,14990454,16993,497953,664,4825537269,71583,79644,156,5026554377,138293,0,0,3435985895,82023,1390911466,625,10617194706,13162,18658821301,99328,49025755,2703,139982187,28226,-119809918,-3830,-1256971,-24290,18915298,106,1,2025,2,2025,1,03,31
2025-03-31,Administrative Receivables,A,CFO,03,131673416534,47466975,161228319571,58695450,1524146115,-144463554488,-139685465040,-2899262689,-5739612,-309220762,-33611298,-73674972,-1456580115,-9542929229,3146327,-10440025792,1397035,6822147,-40981766,929859147,-4740986586,-1762269,-4305210502,-780761,-435776084,-981508,135678411917,44843264,447703354,2492,5340756617,6055,1182430362,18091,5257366928,24452,3286124633,1128680,0,2643015001,3628634,1243723410,1813113,984030237,1136754,767652462,983371,748042888,963119,875496822,940549,2854913025,4918852,3605713031,6290775,3944741034,7793039,2008928517,2281830,3578010978,1516810,23254267405,32266846,8495610058,1987649,14174979800,30274485,288552089,2125,295125458,2587,23254267405,32266846,1712092288,20095,1142265152,195010,2854357440,215105,38032789,3572,1562115485,1401489,54216425,261,0,0,41752992,1259,123001232,36680,2462222,128,209021515,47196,95592906,102757,3491874909,5907876,108937361,70385,5638421110,7561872,17615846295,24704974,29592355388,3871734,47208201683,28576708,-2239504860,-69169,-2260374802,-1608374,-726625176,-1470,-18213650601,-3805748,23768046244,23091947,-159381557,-1375,-1291211313,-21881,-6748679784,-15708571,15568773590,7360120,-3290810711,-2793241,-7812463045,-2239522,4465499834,2327357,15992306585,22801306,29592355388,3871734,45584661973,26673040,-2231739916,-67657,-2360619679,-1363762,-311343078,-1181,-17675715498,-3743513,23005243802,21496927,-125069135,-1282,-1278344775,-21543,-18508216,-656,-237178841,-99315,-4387005601,-1376748,-3929256656,-143306,-1946108706,-450515,11083771872,19403562,-8780545290,-2281124,2303226582,17122438,0,0,107575252,8765,684085316,2229007,20529405,4223,5739612,2,688737,4919,136300344,449214,272184052,324798,3295973868,2225081,39471708,1486,4562548294,5247495,25005,7,7543978228,1071281,2806882517,461542,19615519839,2346367,29592355388,3871734,3708605156,302467,1481854491,424947,-1002958226,-125111,-12783617,-4623,466112648,296852,2,2025,2,2025,1,03,31
2025-03-31,Direct Loans,D,Non-CFO,02,22454142948,612,1175233340,48,464612215,-1719522235,-1719516822,0,0,-5413,0,0,0,-11362649,-6,-11369692,0,0,0,7043,-21799746,-5,0,0,-21799746,-5,22341303873,599,1850650692,195,0,0,88096305,18,552053964,12,765152825,0,0,12825774,6,2740829,10,3846870,9,1830996,6,970890,2,5178182,3,6671109,22,45733746,8,434866650,46,258979801,11,983876637,55,1757521484,178,491695898,59,0,0,1265825586,119,0,0,1757521484,178,0,0,0,0,0,0,0,0,0,0,0,0,0,0,0,0,0,0,0,0,0,0,0,0,18548019,26,2696450,5,21244469,31,1736277015,147,339158225,157,2075435240,304,0,0,-257975300,-31,0,0,-293245438,-96,1524214502,177,-572051534,-26,0,0,-216201238,-4,735961730,147,0,0,-44884128,-59,691077602,88,1730127943,142,339158225,157,2069286168,299,0,0,-251826228,-26,0,0,-293245438,-96,1524214502,177,-1263129136,-114,0,0,0,0,0,0,0,0,0,0,-216201238,-4,44884128,59,-44884128,-59,0,0,0,0,0,0,0,0,0,0,0,0,0,0,2726,2,0,0,7169016,2,0,0,7171742,4,0,0,44884128,59,0,0,1028659,2,339158225,157,293332012,97,44186919,3,-44186919,-3,0,0,0,0,3,2025,2,2025,1,03,31
2025-03-31,Direct Loans,D,CFO,03,2020716179584,227784547,100598708757,14896294,38062687543,-46131310634,-20584978861,-25387894168,0,-136533343,-2021615,-19297593,-585054,-8279178653,40577147,-4690218146,0,-10047854462,-1280062,6460174017,-29462706518,-7958816,-7238144112,-157701,-22224562406,-7801115,2075504380079,229702777,1087359562,104,29150269280,10504,1725229913,20435,66178368577,32707,139491106578,0,0,6476463385,4248263,1761790110,3093905,10477410318,3616780,7866327483,10233172,6307143933,6902388,6581653454,7795703,11904868081,253222,1833846388,66802,3340115561,860005,50390061693,8300261,35126637507,5509038,142066317913,50879539,45052516143,324790,96961632407,50554722,52169363,27,0,0,142066317913,50879539,257776435,16690,96485663221,50545884,96743439656,50562574,62823996,219376,6663748,1576,4359290,79,0,0,242146784,1430,3080931,103,38930,15,1530638,46,44162585,18477,21604651499,159272,4627183207,20795453,26581991296,21192120,115484326617,29687419,48145497073,1741745,163629823690,31429164,-1645602167,-327256,-2725897116,-4392,-619022886,-9829,-33600356628,-15916347,125038944893,15171340,-220152227,-151,-2011328885,-14996,-1955801367,-98699,120851662414,15057494,-116335945322,-14543391,-1781995288,-49852,2733721804,464251,102595529230,14989328,48145497073,1741745,150741026303,16731073,-1593432212,-195191,-2722513848,-3655,-615946531,-9769,-20732847863,-1222050,125076285849,15300408,-210227460,-104,-2010817147,-14985,0,0,-2820185,-68,-84699392282,-14401644,-156887492,-21410,-36148681467,-810951,1847459816,51246,-1847191759,-51231,268057,15,326,2,18648067,13202,638365,279,1364278791,11817356,0,0,0,0,47627515,159885,88596739,124362,1540232273,941312,0,0,3060022076,13056398,0,0,1776392617,47524,33621979338,628181,12730099758,1065644,48145497073,1741745,6193395241,863651,35046982871,38012167,-74755713,-2722,-760159,-4981,34971466999,38004464,4,2025,2,2025,1,03,31
2025-03-31,Defaulted Guaranteed Loans,F,Non-CFO,02,3012090390,856,111429291,47,95120921,-262653294,-262443912,-209382,0,0,0,0,0,3240594,1,0,0,0,0,3240594,-32688028,-47,-25224301,-19,-7463727,-28,2926539874,850,164549038,18,0,0,22590608,6,3434741,2,49095255,0,0,1848222,8,2037767,6,196882,4,9591352,9,6193535,4,16111222,3,6179136,15,44858235,26,1178145739,112,92572495,74,464101411,482,1821835996,743,1674200419,727,0,0,147635577,16,0,0,1821835996,743,0,0,0,0,0,0,0,0,0,0,0,0,693784,1,0,0,0,0,0,0,0,0,0,0,12932626,25,47813,1,13674223,27,1808161773,716,469788876,389,2277950649,1105,0,0,-55159017,-12,0,0,-469788876,-389,1753002756,704,-147587764,-15,0,0,-1605414992,-689,0,0,0,0,0,0,0,0,1785857016,709,469788876,389,2255645892,1098,0,0,-48965482,-8,0,0,-469788876,-389,1736891534,701,-147587764,-15,0,0,0,0,0,0,0,0,0,0,-1589303770,-686,0,0,0,0,0,0,0,0,0,0,0,0,209382,12,0,0,0,0,0,0,0,0,1056154008,358,0,0,1056363390,370,0,0,0,0,0,0,0,0,469788876,389,469788876,389,0,0,0,0,0,0,0,0,5,2025,2,2025,1,03,31
2025-03-31,Defaulted Guaranteed Loans,F,CFO,03,161183178007,20204414,10843008159,343026,4248102322,-4771904152,-4495069230,-192713236,-2205039,-65320699,-6752807,-8747102,-1096039,-1561438033,590348,-1217704192,-51902759,-324920004,7367968,25720954,-2142719185,-164138,-1079605742,-33656,-1063113443,-130482,167798227118,21394586,19776485,2,0,0,5028164,3,96497076,2376,43303592115,0,0,85033578,168463,71039906,61424,929566754,164797,158229800,67122,340834302,364356,560180282,439492,1434956974,65653,2334440899,131317,9763787289,972343,6466845105,682652,25498324760,3438244,47643239649,6555863,4619183500,301985,43024056149,6253878,0,0,0,0,47643239649,6555863,227692091,1113,43000942692,6252559,43228634783,6253672,7431048,534,449836,52,10204824,61,0,0,2335619,2,24484,1,0,0,209732,5,12019748,521,196930435,130430,449856480,330581,1243870038,461806,46399369611,6094057,27727812546,694503,74127182157,6788560,-944450040,-31923,-33533135,-114,-287217995,-1139,-7000790719,-1220605,65861190268,5534779,-40591,-3,-804463717,-18726,-23787382525,-2090191,41269303435,3425859,-26955326454,-3328516,-14313953535,-97338,23446,5,45498355027,5290209,27727812546,694503,73226167573,5984712,-943662815,-31080,-33157317,-93,-285292026,-1130,-6120003215,-417413,65844052200,5534996,-2220,-2,-804463717,-18726,0,0,0,0,-40817941591,-5033103,-3464832970,-45559,-6350622730,-336351,14406188972,101255,-14404385138,-101134,1803834,121,0,0,8452047,11033,1491256,5579,54802550,5053,0,0,26980,7,37882383,69438,22269837,45524,104712370,18622,976884,3,230614307,155259,0,0,14346412360,98400,6007879820,336835,2269734602,259278,27727812546,694503,1779409986,255661,2373757446,451662,-287175398,-15259,-55693,-1850,2086526355,434553,6,2025,2,2025,1,03,31
2024-12-31,Administrative Receivables,A,Non-CFO,02,22717950123,489760,12955211856,83135,160562895,-14961394105,-14953921302,-119615,0,-4559429,0,-2626793,-166966,-696977498,-2702,-701385471,40734,0,0,4367239,-84881032,-16728,-78013211,-14129,-6867821,-2599,20090472239,197939,3137,33,1038328670,366,1827541,44,823783,102,212266439,0,0,95087393,7193,30970683,7745,186355043,9065,448262130,7533,48635689,6361,252177754,6990,1216344362,93855,6394824187,72053,347290828,42044,31828033,498,2866033,273,9054642135,253610,4919868366,74375,4087577393,178903,42828725,267,4367651,65,9054642135,253610,17861486,1097,199525185,26214,217386671,27311,1593025,130,5057211,232,0,0,0,0,535822180,299,1114062,148,0,0,1721749,1892,0,0,214679620,26162,1297322,181,760675249,31536,8293966886,222074,18689454547,84214,26983421433,306288,-1006147588,-1294,-1092815170,-7552,0,0,-97085204,-6760,24787373471,290682,-36634578,-214,-9747911165,-3447,-9501977068,-100779,5500850660,186242,-1718612535,-886,-3742277114,-171687,39961011,13669,7993153443,208723,18689454547,84214,26682607990,292937,-1006146525,-1287,-1084662865,-7519,0,0,-76637687,-7057,24515160913,277074,-32971815,-159,-8951227553,-3267,0,0,-15209111,-2700,0,0,-1566423851,-21421,-10002527969,-34916,3946800614,214611,-3921110654,-206651,25689960,7960,0,0,77594688,215,7172419,22496,0,0,0,0,0,0,4155727,6933,369936,342,144906004,21572,46931,96,234245705,51654,0,0,3499788758,84719,1259603199,607,10743917109,21010,18689454547,84214,45785524,644,139878768,28253,-119760820,-3763,-1262337,-24393,18855611,97,1,2025,1,2024,4,12,31
2024-12-31,Administrative Receivables,A,CFO,03,131673416534,47466975,91529045200,28546498,517723598,-72141800670,-69567306603,-985676797,-1645329,-155692005,0,-36096797,-1395383139,-17950242543,-2748532,-18379418115,1562265,2542968,-19800622,444870961,-3690592887,-1260214,-3476800448,-517325,-213792439,-742889,129937549232,41270188,595872388,2365,5511211789,6119,1348222090,18965,5177965235,20127,3182433737,0,82998,2539999439,3355362,1387567051,1722574,1309962297,1401591,1056891720,1333422,752073475,1165578,825767035,1103180,2683886169,4781949,3835789363,6427158,4512442068,7252516,2036803863,2392770,3433108984,1566946,24374291464,32503046,8492701100,1833675,15225749524,30664711,398833799,1915,257007041,2745,24374291464,32503046,1608092962,17198,870585398,215041,2478678360,232239,53778715,3725,1352579799,1468996,56076476,272,0,0,19829797,1369,143594721,44525,3192117,211,244763840,43744,59626448,111153,4446995485,6097082,88047275,44206,6294420507,7812949,18079870957,24690097,31485031538,4228280,49564902495,28918377,-2272792453,-70227,-2980582084,-1468582,-364798566,-1448,-18953167111,-3779700,24993562281,23598420,-256972393,-1564,-1328831704,-21769,-7349559043,-17050572,16058199141,6524515,-3911383751,-2533684,-7217579008,-1577660,4929236382,2413171,16502030447,22421339,31485031538,4228280,47987061985,26649619,-2252910750,-69164,-2624257439,-1052157,-301823194,-1159,-18463243792,-3739037,24344826810,21788102,-187075775,-1480,-1325405785,-21549,-19322033,-581,-248382387,-91855,-4433489620,-1391883,-4378092221,-328229,-2616029946,-608847,11137029043,19343678,-8286351660,-1552993,2850677383,17790685,0,0,95730222,3495,321665998,1099876,16004144,2225,1645329,1,341028,2437,69056821,165726,53257236,104435,1765834295,1037380,47121475,9082,2370656548,2424657,70736,40,7291263474,1078375,3468318803,639728,21197664157,2527791,31485031538,4228280,1937679155,73121,1460438404,407978,-1029893627,-125602,-6387853,-7052,424156924,277409,2,2025,1,2024,4,12,31
2024-12-31,Direct Loans,D,Non-CFO,02,22454142948,612,817516137,47,223261087,-892937431,-892934744,0,0,-2687,0,0,0,-11174347,-3,-11177034,0,0,0,2687,-21718608,-5,-21713172,-4,-5436,-1,22569089786,575,3932932233,212,0,0,100055103,18,548519956,12,2651456742,0,0,1646518,12,1999507,7,3124693,7,2232837,5,215438,1,1363014,4,26795131,4,13121000,6,433519886,46,260870053,11,3057307171,63,3802195248,166,467853524,54,0,0,3334341724,112,0,0,3802195248,166,0,0,0,0,0,0,0,0,0,0,0,0,0,0,0,0,0,0,0,0,0,0,0,0,8974508,29,29047,2,9003555,31,3793191693,135,294220652,131,4087412345,266,0,0,-237336417,-23,0,0,-248305138,-70,3601770790,173,-3334312677,-110,0,0,-222571258,-4,44886855,59,0,0,-44886855,-59,0,0,3791613241,130,294220652,131,4085833893,261,0,0,-237120979,-22,0,0,-248305138,-70,3600407776,169,-3332949663,-106,0,0,0,0,0,0,0,0,0,0,-222571258,-4,44886855,59,-44886855,-59,0,0,0,0,0,0,0,0,0,0,0,0,0,0,2687,2,0,0,181909,1,0,0,184596,3,0,0,44886855,59,0,0,249333797,72,294220652,131,5436,1,44186919,3,-44186919,-3,0,0,0,0,3,2025,1,2024,4,12,31
2024-12-31,Direct Loans,D,CFO,03,2020716179584,227784547,34170139496,6908642,18339464806,-22220184102,-10095472542,-12063182483,0,-47902661,-4988556,-8052805,-585055,1433598755,17520751,3437555043,0,-5960977713,-641481,3957662906,-15157580584,-3951023,-6030038776,-89763,-9127541808,-3861260,2037281617955,229728885,383822764,94,27479021600,10459,1771699277,21707,65156043152,32427,130999334508,0,0,7812698668,14552768,2565314527,10779042,9720612301,11488875,5898478907,205106,4250678726,45884,3419624306,35989,3305141631,64985,1299561441,20510,6514170840,1504954,48631017200,8153872,32697412392,5177943,126114710939,52029928,35003666545,239996,91059329773,51789901,51714621,31,0,0,126114710939,52029928,308953972,19430,90721129679,51779585,91030083651,51799015,55967610,338564,6379040,1614,4661386,76,0,0,253302779,1424,1309658,77,2170,1,1271093,17,84233919,9793,21377525695,153966,4227022380,36522896,25997104403,37025791,100117606536,15004137,46757567461,1969383,146875173997,16973520,-1617173641,-201153,-2728050393,-4463,-598620815,-9664,-22442806921,-1541863,119488522227,15216377,-62811752,-129,-1519893975,-12875,-1229295435,-64388,116676521065,15138985,-112442560376,-14594246,-1764667498,-69750,2469293191,474989,92447303504,14922264,46757567461,1969383,139204870965,16891647,-1616074905,-200777,-2723988297,-3687,-595997469,-9611,-14782528287,-1464486,119486282007,15213086,-58060199,-98,-1519893976,-12875,0,0,-6434046,-352,-84391304215,-14505761,-5784083,-86,-31683213821,-622869,1821591667,71045,-1821293305,-71031,298362,14,961,2,7563926,6238,531431,216,599847306,6890875,0,0,0,0,18895739,66327,28790714,49401,664946069,455993,0,0,1320576146,7469052,0,0,1759348459,67390,328477142,9021,44607852612,1892551,46757567461,1969383,2058709076,283438,43687300402,19244655,-59639828,-1706,-438504,-2544,43627222070,19240405,4,2025,1,2024,4,12,31
2024-12-31,Defaulted Guaranteed Loans,F,Non-CFO,02,3012090390,856,74976380,26,33110113,-115026703,-114879441,-147262,0,0,0,0,0,1612236,-6,0,0,0,0,1612236,-24928599,-32,-21969473,-19,-2959126,-13,2981833817,853,168024122,18,0,0,28023011,7,3434741,2,50391523,0,0,16511983,15,7836947,4,19989772,6,1719775,4,2270847,8,42188,1,14835063,18,27711044,28,1240560219,113,97173799,86,464782516,481,1893434153,764,1739014322,747,0,0,154419831,17,0,0,1893434153,764,0,0,0,0,0,0,0,0,0,0,0,0,1390443,1,0,0,0,0,0,0,0,0,0,0,38479039,27,6188995,1,46058477,29,1847375676,735,498422336,401,2345798012,1136,0,0,-41637949,-12,0,0,-498422336,-401,1805737727,723,-148230836,-16,0,0,-1657506891,-707,0,0,0,0,0,0,0,0,1845062641,726,498422336,401,2343484977,1127,0,0,-41612949,-11,0,0,-498422336,-401,1803449692,715,-148188648,-15,0,0,0,0,0,0,0,0,0,0,-1655261044,-700,0,0,0,0,0,0,0,0,0,0,0,0,147262,5,0,0,0,0,0,0,0,0,951813283,313,0,0,951960545,318,0,0,0,0,0,0,498422336,401,498422336,401,0,0,0,0,0,0,0,0,0,0,5,2025,1,2024,4,12,31
2024-12-31,Defaulted Guaranteed Loans,F,CFO,03,161183178007,20204414,5507127641,179932,2105410247,-2594298163,-2464685140,-107015959,-5039,-16266239,-4078,-5233659,-1088049,-838346902,396351,-688394189,-41750887,-127024640,7359855,11462959,-1275213725,-96278,-626190684,-19966,-649023041,-76312,164087857105,21225056,19631457,2,0,0,5018743,3,94221426,2128,41977416403,0,0,72511179,216127,139506762,418892,1001529589,555346,71016753,5500,88417230,3365,311743625,23245,1312840294,63164,2071502499,126338,9718931951,970434,6442986973,687402,25220497080,3434312,46451483935,6504125,4238995816,295379,42212488119,6208746,0,0,0,0,46451483935,6504125,366363788,1270,42191063271,6207444,42557427059,6208714,628367,1132,412439,28,0,0,0,0,926171,4,0,0,0,0,484018,22,14774611,394,132871197,133455,1139830620,1060911,1284564283,1195865,45166919652,5308260,28589695005,824677,73756614657,6132937,-971072816,-30889,-33580233,-149,-232274781,-980,-7112257330,-562021,65407429497,5538898,-5874105,-55,-803715500,-18773,-20344371810,-2058480,44253468082,3461590,-26550945325,-3320721,-17702475671,-140862,47086,7,44766758797,5281650,28589695005,824677,73356453802,6106327,-970305053,-30867,-33076175,-132,-231102779,-977,-6729402852,-536104,65392566943,5538247,-4423233,-48,-803715500,-18773,0,0,0,0,-40368657346,-5041192,-26379959,-1202,-6400957247,-332466,17788433658,144566,-17786419486,-144433,2014172,133,0,0,5062684,5197,746892,2860,32367759,2538,0,0,236568,5,2506403,30932,12415572,31150,1587582684,9177,0,0,1640918562,81859,0,0,17730839703,141761,25050029,1010,10836823226,681919,28589695005,824677,692131639,94862,3516389067,386359,-60224371,-6076,-67370,-1467,3456097326,378816,6,2025,1,2024,4,12,31
2024-09-30,Administrative Receivables,A,Non-CFO,02,21120979172,328415,61515824503,411739,400009047,-57679053964,-57628104714,-1114541,0,-28119652,0,-21040196,-674861,230966042,8077,205699963,281127,0,0,24984952,-2870774677,-57414,-2758832286,-28132,-111942391,-29282,22717950123,489760,19108,41,1168193076,338,1858263,41,1213283,102,346056319,0,0,494439465,10911,106056043,7646,273423994,8156,85284165,4651,287475240,3746,352247136,4221,3904647730,22627,3178096216,18247,629334793,20640,44115574,2329,18369713,2201,9373490069,105375,4957532265,23349,4375827722,81680,39708939,266,421143,80,9373490069,105375,17864681,1180,199599533,26512,217464214,27692,0,0,12048077,248,0,0,0,0,624671146,199,621095,119,0,0,998016,313,254739,10,309890854,17970,10141151,85,959203667,31364,8414286402,74011,18694813529,74119,27109099931,148130,-987386576,-1025,-1164386069,-8178,0,0,-157718721,-4743,24799608565,134184,-35911203,-211,-9293393642,-3280,-9369284779,-12669,6101018941,118024,-1540591123,-1092,-4543144883,-101818,17282935,15114,7774564026,66044,18694813529,74119,26469377555,140163,-987386576,-1047,-1161615881,-8285,0,0,-135105834,-3455,24185269264,127376,-35500322,-157,-8704932727,-3054,0,0,-15188731,-2830,0,0,-1114494941,-1294,-9604534680,-6088,4710617863,113953,-4704674142,-104812,5943721,9141,0,0,255919838,718,31388171,94556,0,0,0,0,0,0,31103671,52324,713930,1305,2603478583,104928,117559,292,2922721752,254123,0,0,4068926197,81332,1187530798,2522,9923457661,14427,18694813529,74119,389246658,25018,511039329,29568,-446557528,-2973,-1030807,-26099,63450994,497,1,2024,4,2024,3,09,30
2024-09-30,Administrative Receivables,A,CFO,03,132285011571,46079176,316353792215,114999733,3551804057,-296176598045,-287501818576,-4412192292,-254887947,-670708910,-82377101,-277085049,-2977528170,-16968446890,-17922778,-19110356022,254622222,120828453,-67177526,1833635983,-7372146374,-2635877,-6615514012,-1468981,-756632362,-1166896,131673416534,47466975,483790137,2832,5281293843,5556,1250795848,18754,5158998434,18718,3008185928,0,0,2703684958,3953822,1514780443,2066951,1056239971,1630804,1030486028,1439204,954380343,1197713,617281998,1008443,2451199600,4152707,3693914469,6595178,4192935834,6680917,1994044181,2352547,3365717030,1543365,23574664855,32621651,8873145484,2132676,14011181419,30484404,312867224,2368,377470728,2203,23574664855,32621651,1619183051,108019,888932809,212668,2508115860,320687,49593372,3408,1702056838,2128067,29466403,156,3425884,6,20361267,1479,142134498,54891,2954777,186,199756010,59794,94514907,131899,4015549045,6699345,154522521,19439,6305191400,9090781,17269473455,23530870,32116891763,3995223,49386365218,27526093,-2275474522,-72051,-2731148497,-1246605,-297200844,-1186,-19947768743,-3724189,24134772612,22482062,-172972060,-2116,-1331656123,-21625,-6802361948,-7602490,15827782481,14855831,-3572887528,-9687760,-7438749844,-2778395,4816145109,2389676,15697811114,21324714,32116891763,3995223,47814702877,25319937,-2260129925,-70743,-2320925402,-870741,-294756451,-1169,-19453772350,-3680003,23485118749,20697281,-148797107,-2022,-1325982267,-21342,-15025200,-579,-278250965,-243902,-4298215364,-1357214,-4288603978,-175454,-2158185259,-419677,10972058609,18477091,-8069919565,-2745538,2902139044,15731553,4213,15,175340241,15668,1884337371,4177215,37080171,10744,254888523,14,1924211,13899,309090173,995534,422230252,552423,6472030939,4997342,113689884,3032,9670615978,10765886,48318,31,7239829626,1163016,3027451416,453606,22279148057,2387104,32116891763,3995223,6871857039,355569,1557199568,419562,-1135632502,-131084,-6495536,-16131,415071530,272581,2,2024,4,2024,3,09,30
2024-09-30,Direct Loans,D,Non-CFO,02,22154700403,627,2803324393,108,1059802433,-3392606205,-3392595339,0,0,-10866,0,0,0,-132145716,-54,-132186989,0,0,0,41273,-38932360,-6,0,0,-38932360,-6,22454142948,612,3994273136,223,0,0,99769587,18,609803199,16,2678838115,0,0,1797468,8,291618,7,1065073,3,5365301,4,769350,1,18,1,22765904,5,25641305,10,436033827,46,260271144,11,3039554032,67,3793555040,163,477262792,48,0,0,3316292248,115,0,0,3793555040,163,0,0,0,0,0,0,0,0,0,0,0,0,0,0,0,0,0,0,0,0,0,0,0,0,5849149,17,2670311,5,8519460,22,3785035580,141,294222720,131,4079258300,272,0,0,-249871044,-29,0,0,-248304519,-70,3581082737,173,-3313621937,-110,0,0,-222571258,-4,44889542,59,0,0,-44889542,-59,0,0,3784266212,139,294222720,131,4078488932,270,0,0,-249101676,-27,0,0,-248304519,-70,3581082737,173,-3313621937,-110,0,0,0,0,0,0,0,0,0,0,-222571258,-4,44889542,59,-44889542,-59,0,0,0,0,0,0,0,0,0,0,0,0,0,0,2687,2,0,0,885216,2,0,0,887903,4,0,0,44889541,59,0,0,1028659,2,294222720,131,248393431,71,441869190,3,-441869190,-3,0,0,0,0,3,2024,4,2024,3,09,30
2024-09-30,Direct Loans,D,CFO,03,1972282285599,227139730,188573912720,33288663,87301981913,-97880268112,-41604796434,-55915083037,0,-234005287,-15195512,-30820524,-80367318,-31627605768,945564589,-5034079349,1201465,-49443801640,-6432474,22855506230,-97934126768,-113702961,-43833594438,-433059,-54100532330,-113269902,2020716179584,227784547,415210135,104,26610686001,10403,1853852609,23280,64372505765,31933,125165003015,0,0,7465229150,8294080,2135569220,7043728,8204274885,10741261,4819111673,66603,3274493675,45404,2760316550,27798,1830508342,27169,1734300280,33173,11247525530,2415446,50492620337,8419346,31463556706,4950001,125427506348,42064009,29657302300,190493,95726648761,41873491,43555287,25,0,0,125427506348,42064009,316934928,20312,95149739134,41865043,95466674062,41885355,50928461,227645,7728959,1546,6200355,105,0,0,290713026,1326,1179880,121,6140,5,485258,16,118201103,9049,19120542116,135053,3046060381,25773715,22624184928,26145672,102803321420,15918337,69507455300,2544454,172310776720,18462791,-2533172932,-216192,-2719022342,-4327,-630360970,-9926,-21786460485,-1922248,144641759991,16310098,-52295515,-115,-1426367111,-12478,-1161714823,-13232,142001382542,16284273,-137431502764,-15661356,-1705631572,-69978,2864248206,552939,96768511195,15845135,69507455300,2544454,166275966495,18389589,-2531997996,-216037,-2715790375,-3550,-626781424,-9853,-15782915074,-1855226,144618481626,16304923,-50957893,-97,-1426367109,-12478,0,0,-8986310,-593,-90140818372,-15438153,-6486230,-78,-51213417775,-782166,1771447937,71358,-1771150684,-71345,297253,13,0,0,37485531,20572,3109422,24397,4539493774,49350585,3507764,1,0,0,151055968,308707,136875981,166713,2585410259,2008127,0,0,7456938699,51879102,0,0,1701225414,67771,49876491545,753791,17987393802,1722509,69507455300,2544454,1878770240,191700,43731574500,19253454,-91308129,-2594,-1739423,-2569,43638526948,19248316,4,2024,4,2024,3,09,30
2024-09-30,Defaulted Guaranteed Loans,F,Non-CFO,02,3494937018,1037,411591693,106,307814702,-858622796,-858288920,-333876,0,0,0,0,0,45684468,9,0,0,0,0,45684468,-389314695,-160,-337977689,-74,-51337006,-86,3012090390,856,176222854,21,0,0,28023011,7,11681742,3,50566942,0,0,1721664,2,2499631,10,10010000,1,22029,4,751684,2,113607,4,18865474,19,50039220,28,1251584867,117,111731360,100,459068340,472,1906407876,759,1753139987,740,0,0,153267889,19,0,0,1906407876,759,0,0,0,0,0,0,0,0,0,0,0,0,142073,1,0,0,0,0,0,0,0,0,0,0,14069063,15,42188,1,14253324,17,1892154552,742,495714120,268,2387868672,1010,0,0,-56462175,-11,0,0,-495714120,-268,1835692377,731,-153225701,-18,0,0,-1682466676,-713,0,0,0,0,0,0,0,0,1891289261,736,495714120,268,2387003381,1004,0,0,-56462150,-10,0,0,-495714120,-268,1834827111,726,-153156663,-16,0,0,0,0,0,0,0,0,0,0,-1681670448,-710,0,0,0,0,0,0,0,0,0,0,0,0,333876,31,0,0,0,0,0,0,0,0,1078883622,414,0,0,1079217498,445,0,0,0,0,0,0,495714120,268,495714120,268,0,0,0,0,0,0,0,0,0,0,5,2024,4,2024,3,09,30
2024-09-30,Defaulted Guaranteed Loans,F,CFO,03,146992375724,18788843,23045251476,781248,8833904103,-8529331426,-7976236413,-385409822,-30885819,-122630917,0,-9874834,-4293621,-2349325515,2543490,-1261265594,-240784687,-949619725,208184,102136307,-6809696355,-633457,-4187722603,-94900,-2621973752,-538557,161183178007,20204414,50472019,4,0,0,294662670,3617,197207512,2740,40891705547,0,0,81638026,308998,81788805,205828,1220254220,234990,79426472,3580,115475465,3109,453838970,40753,1591519367,79986,2369716813,172597,12144651654,1294990,8217368228,918271,26878173926,3660059,53233851946,6923161,3976092808,293112,49257759138,6630049,0,0,0,0,53233851946,6923161,313926923,1105,49238761856,6628798,49552688779,6629903,4099408,524,188232,35,0,0,0,0,1032324,3,0,0,0,0,4340885,236,14559620,107,114041489,137976,1337124867,614636,1463107523,753396,51770744423,6169765,30023441633,982720,81794186056,7152485,-971577825,-31789,-41340222,-108,-278897167,-976,-9962425925,-708403,70539944917,6411209,-10672,-3,-917974101,-20187,-26501245410,-2836965,43120714734,3554054,-27635175593,-3427666,-15485388522,-126382,150619,6,51201429988,6125903,30023441633,982720,81224871621,7108623,-971459669,-31779,-41299642,-98,-278897167,-976,-9405696448,-665254,70527518695,6410516,-10672,-3,-917974100,-20187,0,0,0,0,-46990784369,-5888804,-25274922,-1147,-7031317754,-370731,15562156878,129644,-15560052953,-129507,2103925,137,715,1,10384112,19977,3277821,13045,102504663,14483,0,0,215938,14,96286612,131935,16345522,16286,119301325,28582,0,0,348316708,224323,0,0,15510433837,127106,6656756836,370171,7856250960,485443,30023441633,982720,531118503,49772,3918854172,415508,-457194353,-35173,-67370,-1467,3461592449,378868,6,2024,4,2024,3,09,30
2024-06-30,Administrative Receivables,A,Non-CFO,02,21120979172,328415,45216959571,281466,438186052,-42902863712,-42868275001,-412613,0,-22810964,0,-10711216,-653918,344175758,2080,322243409,351164,0,0,21581185,-1878018669,-50645,-1784939130,-23942,-93079539,-26703,22339418172,391942,2937,34,1069744811,311,2229872,43,1152339,114,428272041,0,0,229000434,7147,253433538,6020,70075355,6129,272590654,3357,284448060,8512,234233418,3263,3966975976,18475,2931829379,17004,614765128,16645,33395358,498,2840600,242,8893587900,87292,5102471784,21002,3750830026,65983,39953712,276,332378,31,8893587900,87292,17865701,1203,199522378,26550,217388079,27753,334821,4,3808153,172,0,0,0,0,389568779,229,1523603,197,0,0,366002,266,5653584,19,418466824,14575,4858927,107,825099981,22653,8068487919,64639,17794123675,69342,25862611594,133981,-1031545706,-946,-1167704860,-8060,0,0,-152149865,-4666,23511211163,120309,-38839713,-214,-8976593140,-3313,-8805983121,-11770,5689795189,105012,-1431591811,-1082,-4242590401,-90191,15612977,13739,7549806441,52864,17794123675,69342,25343930116,122206,-1031545707,-962,-1166052846,-8051,0,0,-129296697,-4270,23017034866,108923,-35148801,-159,-8247130088,-3122,0,0,-14544658,-2716,0,0,-1069684181,-1069,-9256987618,-4124,4393539520,97733,-4390678717,-95270,2860803,2463,0,0,144943455,409,23089101,71249,0,0,0,0,0,0,21707521,35296,540196,1006,403263996,66185,268608,229,593812877,174374,0,0,4101637745,77930,1073999338,2486,10165223835,19145,17794123675,69342,303844543,23352,511039329,29568,-446557529,-2973,-1030806,-26099,63450994,510,1,2024,3,2024,2,06,30
2024-06-30,Administrative Receivables,A,CFO,03,132285011571,46079176,228994229903,85950585,1844892905,-212840025108,-206444457048,-2895059657,-237411487,-560147652,-63646184,-259464772,-2379838308,-11587644956,-11895804,-13121692425,231899030,-1341533,-48455758,1351945730,-6356247447,-2369384,-5747114292,-1236425,-609133155,-1132959,132340216868,45513439,388573988,2275,5026400702,6334,1008671534,16484,5290604443,24157,2582694171,1057725,0,2783376147,4182962,2523652831,2750822,1160396328,1680890,865410395,1402572,661065755,1174731,585974707,846822,2674217552,4116925,2980646741,6488852,3970846754,5902871,1977690387,2400518,3326929366,1520568,23510206963,32468533,7950487762,1903210,15096124468,30560568,233878451,2238,229716282,2517,23510206963,32468533,1568573831,16840,952385811,218452,2520959642,235292,93120905,3523,2948364015,2962514,362979111,1612,85524,2,26105558,1073,131273632,36882,3302809,219,131976009,44594,87830293,157172,3497190216,6765951,160651214,51562,7332835701,10017246,16177371262,22451287,35761686885,4272855,51939058147,26724142,-2345638631,-73447,-2828744400,-1002153,-359670668,-1504,-20872022238,-3702738,25532982210,21944300,-151826257,-1811,-1324042167,-21082,-8621639065,-611564,15435474721,21309843,-4363176527,-16779975,-6877794790,-2341247,4194503404,2188621,14930330800,20429734,35761686885,4272855,50692017685,24702589,-2337374449,-71708,-2384137057,-763211,-302002219,-1208,-20457255820,-3658121,25211248140,20208341,-101046112,-1662,-1319325983,-20875,-5206508,-35,-256127657,-442603,-4319174684,-1350809,-6312209644,-278733,-2686787305,-605552,10211370247,17508072,-7801090979,-2352094,2410279268,15155978,13040460,206,142325771,11861,1571132706,3112424,23636780,7054,232163884,12,1598605,11268,261123136,893470,403659902,501719,5229678387,3763308,118390981,4515,7996750612,8305837,247935,34,6952952472,1120296,3553257649,646269,25677570022,2515035,35761686885,4272855,3167961104,201342,1505602763,420085,-1072983934,-130247,-6521975,-15686,426096854,274293,2,2024,3,2024,2,06,30
2024-06-30,Direct Loans,D,Non-CFO,02,22154700403,627,2025318992,60,817938757,-2342716517,-2342708338,0,0,-8179,0,0,0,-124186745,-2,-124213332,0,0,0,26587,-37119026,-2,0,0,-37119026,-2,22493935864,627,4275087805,233,0,0,111632338,22,587962195,11,2632801728,0,0,16272942,16,27370185,8,18,2,4246464,4,4969114,3,4437846,4,7293638,4,186534739,12,259021483,42,269524660,12,3028635578,70,3808306667,177,506905334,59,0,0,3301401333,118,0,0,3808306667,177,0,0,0,0,0,0,0,0,0,0,0,0,0,0,0,0,0,0,0,0,0,0,0,0,47880340,29,9269,1,47889609,30,3760417058,147,270123347,131,4030540405,278,0,0,-237482395,-28,0,0,-224202460,-70,3568855550,180,-3301392064,-117,0,0,-222571258,-4,44892228,59,0,0,-44892228,-59,0,0,3751010098,140,270123347,131,4021133445,271,0,0,-229126082,-23,0,0,-224202460,-70,3567804903,178,-3300341417,-115,0,0,0,0,0,0,0,0,0,0,-222571258,-4,44892228,59,-44892228,-59,0,0,0,0,0,0,0,0,0,0,0,0,0,0,2687,2,0,0,885216,2,0,0,887903,4,0,0,44892228,61,0,0,225231119,72,270123347,131,52332,1,44186919,3,-44186919,-3,0,0,0,0,3,2024,3,2024,2,06,30
2024-06-30,Direct Loans,D,CFO,03,1972282285599,227139730,141655900278,23337099,67015610098,-75203479883,-30700621575,-44150627414,0,-230243531,-13165274,-28454771,-80367318,-29945249959,918971257,-2073673654,1201465,-42563234972,-5871387,14696328589,-87437536587,-108773506,-37972359940,-326237,-49465176647,-108447269,1988367529546,222849673,455187240,111,26028882851,10417,1822548843,22525,64103932669,33279,126071326405,0,0,7687868782,20778381,1577066013,4335731,7210546119,4171476,3490422820,44626,2666290253,26109,1815912722,16927,1728339079,23095,1895625286,47007,16056054923,3235153,50055001233,8405136,29480661410,4667622,123663788640,45751263,26479946878,157811,97139984526,45593425,43857236,27,0,0,123663788640,45751263,326509105,19665,96894909701,45585277,97221418806,45604942,35798938,219981,6169475,1455,8254798,152,0,0,271126226,1112,2183003,119,5481,11,432748,18,144229875,23625,17192338432,108601,2324412257,28976414,19965903734,29330214,103697884906,16421049,73417456433,2554986,177115341339,18976035,-2640133010,-227124,-2724003488,-4494,-622033130,-9816,-19722950066,-1810533,151406221645,16924068,-55584510,-128,-1343700494,-11817,-1145043336,-6941,148861893305,16905182,-143872672217,-16205551,-1646434611,-66479,3342786477,633152,99215681931,16378013,73417456433,2554986,172633138364,18932999,-2638434573,-226851,-2721265821,-3814,-619039592,-9754,-15284655061,-1804255,151369743317,16888325,-53083560,-101,-1343700495,-11817,0,0,-6871074,-405,-92246261951,-15946130,0,0,-56065807386,-891232,1654018851,38640,-1651796885,-38436,2221966,204,0,0,27528609,14521,2081660,807,3946491927,44092278,2306299,1,0,0,126625047,223298,103537365,99962,1893822519,1451194,0,0,6102393426,45882061,0,0,1640997882,34989,54527677045,828564,17229502925,1691065,73417456433,2554986,1431071695,145881,43730274580,19253429,-90007209,-2569,-438504,-2544,43639828867,19248367,4,2024,3,2024,2,06,30
2024-06-30,Defaulted Guaranteed Loans,F,Non-CFO,02,3494937018,1037,269945957,78,219178277,-684342341,-684227014,-115327,0,0,0,0,0,44088195,9,0,0,0,0,44088195,-136027670,-115,-91879677,-47,-44147993,-68,3207779436,928,173724056,22,0,0,28543134,7,11856642,3,46122260,0,0,15139884,33,3905867,9,120965,4,9481139,6,4003430,3,4811606,4,15225798,20,102725539,30,1270402341,137,201903268,127,459026967,471,2086746804,844,1937676679,824,0,0,149070125,20,0,0,2086746804,844,0,0,0,0,0,0,0,0,0,0,0,0,158205,1,0,0,0,0,0,0,0,0,0,0,28420925,49,68725,2,28647855,52,2058098949,792,292940671,230,2351039620,1022,0,0,-197601639,-50,0,0,-292940671,-230,1860497310,742,-149001400,-18,0,0,-1711495910,-724,0,0,0,0,0,0,0,0,2049283913,785,292940671,230,2342224584,1015,0,0,-188896278,-46,0,0,-292940671,-230,1860387635,739,-148965775,-17,0,0,0,0,0,0,0,0,0,0,-1711421860,-722,0,0,0,0,0,0,0,0,0,0,0,0,115327,22,0,0,0,0,0,0,0,0,999786896,219,0,0,999902223,241,0,0,0,0,0,0,292940671,230,292940671,230,0,0,0,0,0,0,0,0,0,0,5,2024,3,2024,2,06,30
2024-06-30,Defaulted Guaranteed Loans,F,CFO,03,146992375724,18788843,17424439465,614591,6653040721,-6265599097,-5858065194,-303152971,-50,-93932225,0,-7524160,-2924497,-1959710813,2212109,-1120466480,-135614866,-787186933,91740,83465726,-5233889062,-533759,-2997541709,-68554,-2236347353,-465205,157610656938,16109514,49914696,4,0,0,276633639,3507,209530478,2684,39413818558,0,0,111940102,748860,93875981,192483,1303834112,260463,34522273,3154,151404294,3607,398462849,40888,1509696920,80086,2321638725,173953,12141045426,1295917,8256635514,927907,26878577262,3699225,53201633458,7426543,3789739376,290489,49411894082,7136054,0,0,0,0,53201633458,7426543,409486794,1953,49393097073,7134739,49802583867,7136692,1378864,931,312070,37,394,1,0,0,1275075,5,0,0,0,0,29648,3,11682645,338,101860747,147942,1445253824,1061012,1544172468,1204960,51657460990,6221583,26019952756,792901,77677413746,7014484,-972992647,-32361,-59200745,-114,-226412427,-975,-9594307276,-685992,66824500651,6295042,-2220,-2,-866397399,-19960,-26617249334,-2856974,39340851698,3418106,-24733712938,-3297931,-14606611310,-120166,527450,9,51107593847,6177088,26019952756,792901,77127546603,6969989,-972705337,-32344,-59147035,-108,-226393936,-974,-9056915711,-642126,66812384584,6294437,-2220,-2,-866397399,-19960,0,0,0,0,-47046178998,-5943375,-23549088,-1083,-4201146150,-207003,14675110729,123014,-14672036835,-122865,3073894,149,715,1,7520675,14293,2519449,10021,69135738,11318,0,0,213906,9,79174183,95311,7508267,6468,128136456,20418,0,0,294209389,157839,0,0,14612023469,120920,3782615357,206387,7608313931,465594,26019952756,792901,410727958,39184,3886111075,409290,-424184542,-28935,-67370,-1467,3461859163,378888,6,2024,3,2024,2,06,30
2024-03-31,Administrative Receivables,A,Non-CFO,02,21120979172,328415,27872019134,184905,170346061,-24334176498,-24312923937,-286158,0,-14075880,0,-6245815,-644708,272582266,-2586,254173232,100211,0,0,18308823,-419992862,-29980,-375157141,-20463,-44835721,-9517,24681757273,369457,2910,33,921161741,349,2048417,43,739880,114,197904715,0,0,241478473,7387,298935455,11352,241775063,5195,2890635551,3422,155443453,3119,271950949,4461,2785365740,17605,2160247553,17798,639699094,16582,1668120,491,2824225,216,9690023676,87628,5726429402,16141,3920179925,71152,41041046,273,2373303,62,9690023676,87628,17875174,1251,205811233,26457,223686407,27708,334747,3,3017002,244,0,0,0,0,177254651,165,13562925,1950,0,0,451768,253,588,53,3755369137,22587,152878,104,3672824542,27356,6017199134,60272,16470016656,70701,22487215790,130973,-1017926390,-944,-1026281798,-8144,0,0,-162846439,-5828,20280161163,116057,-37345095,-213,-9291935212,-3402,-6159644412,-14298,4791236444,98144,-1282031324,-1104,-3495774494,-87389,13430626,9651,5589804732,52692,16470016656,70701,22059821388,123393,-1017926265,-930,-1023187770,-8104,0,0,-123675710,-4018,19895031643,110341,-30848805,-158,-8944345112,-3178,0,0,-14709550,-2763,0,0,-1062969762,-2215,-6147538903,-7385,3694619511,94642,-3693270415,-91319,1349096,3323,0,0,106282937,355,15997398,50594,0,0,0,0,0,0,13317272,20508,362037,663,347783869,51051,382034,206,484125547,123377,0,0,3419080853,77954,809945517,2497,9490989507,19496,16470016656,70701,232436706,7115,511039329,29529,-446557529,-2934,-1030806,-26099,63450994,496,1,2024,2,2024,1,03,31
2024-03-31,Administrative Receivables,A,CFO,03,132285011571,46079176,153394359667,52600091,1182901487,-144142714014,-139762150087,-1872362173,-232163308,-344299200,-42981537,-75021929,-1813735780,-9775297080,-6081378,-10846090994,231901865,-1662518,-32123516,872678083,-4615070546,-1346864,-4133297857,-571629,-481772689,-775235,128329191085,39753502,339024585,2469,4955194000,6099,1071659071,17178,6232341950,25860,2282591191,0,0,2065245560,3144174,1237905435,1980246,824033571,1169079,987072893,1056209,700831592,1029861,638127002,875847,2738377373,4705443,2761490279,8347643,3982159958,3491088,1927651195,2476069,3264246803,1498748,21127141661,29774407,7645430683,2284274,13048009022,27485614,224756926,1997,208945030,2522,21127141661,29774407,1606645299,18208,930081703,221036,2536727002,239244,75578538,3788,1126855915,869614,62884435,344,168891,1,56667829,1207,104684130,28858,2788726,210,292326595,96647,83378184,143445,3288398701,6146870,136795790,43044,5114257459,7349708,16012884202,22424699,36210236739,4174006,52223120941,26598705,-2406932832,-73141,-2697614622,-918417,-375518951,-1575,-21475458596,-3647526,25267595940,21958046,-126488901,-1768,-1326742552,-21326,-7302865746,-13756129,16511498741,8178823,-4069058870,-3596919,-8302115820,-2149773,4140324051,2432131,14673925608,20518991,36210236739,4174006,50884162347,24692997,-2395225248,-71438,-2442535109,-728211,-426583559,-1850,-20963757797,-3617860,24656060634,20273638,-100206357,-1651,-1308534203,-21146,-1558816,-28,-238568968,-136308,-4318573875,-1345982,-4741179714,-177970,-2604408377,-608778,11343030324,17981775,-9076107842,-2129046,2266922482,15852729,2686,10,65286352,7912,1260473328,2081264,10598323,4345,232163876,12,1181082,8188,182294164,532894,259835835,320502,2545931409,2770602,75210441,3181,4632977496,5728910,5005030,366,8231508409,1168238,3573183992,650824,24767350662,2338873,36210236739,4174006,1731476852,135593,1560369465,415865,-1136967653,-131128,-7256922,-10992,416144890,278623,2,2024,2,2024,1,03,31
2024-03-31,Direct Loans,D,Non-CFO,02,22154700403,627,1091778804,33,587646029,-1418598690,-1418593197,0,0,-5493,0,0,0,-115401147,-3,-115420619,0,0,0,19472,-56385,-1,0,0,-56385,-1,22300069014,616,4317675061,236,0,0,121992334,22,633070436,11,2668147047,0,0,1154254,6,6752623,12,3355185,6,469364,5,4041775,2,10,1,9112429,9,226511945,14,213953851,40,267398597,12,3008854492,71,3741604525,178,458406059,57,0,0,3283198466,121,0,0,3741604525,178,0,0,0,0,0,0,0,0,0,0,0,0,0,0,0,0,0,0,0,0,0,0,0,0,9225819,25,2505607,4,11731426,29,3729873099,149,270126033,131,3999999132,280,0,0,-227535678,-30,0,0,-224202460,-70,3548260994,180,-3280692859,-117,0,0,-222673221,-4,44894914,59,-44894914,-59,0,0,0,0,3725831314,146,270126033,131,3995957347,277,0,0,-223493893,-27,0,0,-224202460,-70,3548260994,180,-3280692859,-117,0,0,0,0,0,0,0,0,0,0,-222673221,-4,44894914,59,-44894914,-59,0,0,0,0,0,0,0,0,0,0,0,0,0,0,2715,2,0,0,182528,1,0,0,185243,3,0,0,44894914,59,0,0,225231119,72,270126033,131,0,0,44186919,3,-44186919,-3,0,0,0,0,3,2024,2,2024,1,03,31
2024-03-31,Direct Loans,D,CFO,03,1972282285599,227139730,106052231307,17433916,43973202040,-51567330551,-20357667951,-31033480530,0,-76369679,0,-20006258,-79806133,-21275740708,648174272,-504792031,1201465,-27158636694,-631004,6387117556,-61402707718,-65456821,-33699294880,-220334,-27703412838,-65236487,1988061939969,225078030,456916519,111,25186431823,10411,1761347360,21952,63182380822,34145,117485496846,0,0,6612986526,9767609,3831109761,25518489,6318793494,4531885,2847221158,64942,1954872983,17444,858776330,7501,1323620865,18662,2700124317,88425,21043394120,4101051,48537865792,8261848,27363360631,4328635,123392125977,56706491,23011828370,143522,100337815814,56562941,42481793,28,0,0,123392125977,56706491,283644735,16370,100048586392,56555359,100332231127,56571729,57940902,348918,6763965,1531,5128282,121,0,0,251485113,965,604512,88,151,14,1338660,36,87699982,13349,15109040102,95165,4104915102,39422914,19610110939,39882925,103782015038,16823566,66855253797,2333939,170637268835,19157505,-2657230106,-232694,-2743274653,-5840,-595333576,-9384,-18784166428,-1770008,145857264072,17139579,-52846007,-115,-1232662839,-10754,-812066507,-53410,143759688719,17075300,-117197280902,-16352287,-23508162851,-128289,3054244966,594724,100968365725,16798621,66855253797,2333939,167823619522,19132560,-2656198810,-232542,-2740161247,-5053,-591370802,-9332,-15985844079,-1759404,145850044584,17126229,-49434009,-94,-1232662839,-10754,0,0,-2945683,-132,-93419446430,-16349615,-23249113,-348,-27536715045,-635069,23585591465,130217,-23585558774,-130204,32691,13,0,0,19037908,8441,789585,456,3205601781,32645399,2306299,1,0,0,53240406,121257,23068521,32560,1331345939,930469,0,0,4635390439,33738583,0,0,23502418639,126150,26509203541,576842,16820246888,1630542,66855253797,2333939,847425416,86791,93874394147,19940808,-50246636037,-697565,-438504,-2544,43627319606,19240699,4,2024,2,2024,1,03,31
2024-03-31,Defaulted Guaranteed Loans,F,Non-CFO,02,3494937018,1037,102677942,34,145636325,-484933138,-484836378,-96760,0,0,0,0,0,42507726,1,0,0,0,0,42507726,-117252015,-96,-86373605,-47,-30878410,-49,3183573858,948,180907649,21,0,0,29063257,7,19405439,3,52917838,0,0,12692021,9,2500068,2,2432541,3,3387585,5,913695,2,1172328,7,3553108,12,154251816,31,1306707208,147,188849711,134,468557636,469,2145017717,821,1996503122,802,0,0,148514595,19,0,0,2145017717,821,0,0,0,0,0,0,0,0,0,0,0,0,103496,1,0,0,0,0,0,0,0,0,0,0,20873093,17,35625,1,21012215,19,2124005502,802,336478852,221,2460484354,1023,0,0,-185329423,-44,0,0,-336478852,-221,1938676079,758,-148478970,-18,0,0,-1790197109,-740,0,0,0,0,0,0,0,0,2121919479,793,336478852,221,2458398331,1014,0,0,-184749823,-43,0,0,-336478852,-221,1937169656,750,-148414436,-16,0,0,0,0,0,0,0,0,0,0,-1788755220,-734,0,0,0,0,0,0,0,0,0,0,0,0,96760,10,0,0,0,0,0,0,0,0,867410116,193,0,0,867506876,203,0,0,0,0,0,0,336478852,221,336478852,221,0,0,0,0,0,0,0,0,0,0,5,2024,2,2024,1,03,31
2024-03-31,Defaulted Guaranteed Loans,F,CFO,03,146992375724,18788843,12119868089,419392,4472061880,-3980866256,-3171152859,-741482660,0,-64061584,0,-4163626,-5527,-1373034762,1851575,-957972794,-7126419,-444858218,764724,36157945,-3810130117,-392730,-2385629819,-44084,-1424500298,-348646,154420274558,15849051,79673670,4,0,0,284777040,3637,234775904,2444,37979161547,0,0,57948400,273844,158319911,651945,682213838,242266,37291287,3725,371605998,6993,682600553,66364,895005342,43525,1355341884,89654,8473766622,901516,7088584634,810928,25810336270,3618529,45613014739,6709289,3578704021,286054,42034310718,6423235,0,0,0,0,45613014739,6709289,255159643,917,42016123559,6422032,42271283202,6422949,702105,1037,317639,33,155555,2,0,0,4449122,9,0,0,131,8,258332,5,9627440,292,102887789,148099,851840082,1022617,935773436,1171780,44677241303,5537509,23408129095,592675,68085370398,6130184,-986102303,-32369,-64057798,-103,-218395176,-968,-7603087884,-685501,59213727237,5411243,-2220,-2,-828195029,-20031,-29735348694,-2183672,28650181294,3207538,-21256913315,-3134244,-7392677841,-73283,590138,11,43623034752,5464152,23408129095,592675,67031163847,6056827,-984195907,-32332,-63055361,-97,-218395176,-968,-6852168667,-616150,58913348736,5407280,-2220,-2,-729899722,-18878,0,0,0,0,-39833154012,-5245764,-10154982282,-59693,-740473114,-7095,7454837386,75848,-7450808235,-75673,4029151,175,715,1,2397183,8440,1609248,6839,46183496,8257,0,0,197979,8,54684754,57241,4792911,4238,96170449,13053,0,0,206036735,98077,0,0,7418603228,74080,55609806,6473,15633914061,512122,23408129095,592675,245810189,22974,3850154091,402558,-388821992,-22281,-67370,-1467,3461264729,378810,6,2024,2,2024,1,03,31
2023-12-31,Administrative Receivables,A,Non-CFO,02,21120979172,328415,14123344351,103434,64901006,-17762285625,-17753883465,-144495,0,-4320442,0,-3490213,-447010,443124434,4211,435362487,25873,0,0,7736074,-219488364,-18708,-195452895,-16148,-24035469,-2560,17770574974,319153,2852,27,947194576,322,443313,67,2235083,79,114438623,0,0,1054712987,6364,194114850,4775,476029114,6977,30455706,3448,97242800,3774,163860712,4279,2516005183,19688,2080197910,17369,614638935,15870,30369076,492,2751000,205,7260378273,83241,3259953303,17522,3958249178,65410,40903927,266,1271865,43,7260378273,83241,17854662,1080,267661385,26646,285516047,27726,29189,5,2883595,192,0,0,0,0,529852095,185,712080,156,0,0,1234036,527,10,3,1216786588,18611,205714,100,1755312657,21564,5505065616,61677,16298885811,71712,21803951427,133389,-1017418935,-946,-712117357,-7823,0,0,-110915571,-1942,19963499564,122678,-34298067,-210,-9463789611,-3476,-5916601615,-12520,4548810271,106472,-1382243025,-950,-3147964513,-90484,18602733,15038,5243962104,53624,16298885811,71712,21542847915,125336,-1017418935,-922,-705927839,-7529,0,0,-82960286,-343,19736540855,116542,-30930781,-159,-8999868154,-3195,0,0,-14212238,-2662,0,0,-1077297956,-2215,-6252890569,-8301,3361341157,100010,-3316802028,-91825,44539129,8185,0,0,34839304,233,6458540,20716,0,0,0,0,0,0,4121880,5729,241228,329,190903766,22021,332706,136,236897424,49164,0,0,3049738185,77856,999857812,2533,9152096000,21170,16298885811,71712,197676441,788,193084119,29992,-67983071,-3989,-1024666,-25955,124076382,48,1,2024,1,2023,4,12,31
2023-12-31,Administrative Receivables,A,CFO,03,132285011571,46079176,81469161372,28010361,642279073,-73508981546,-71796049548,-933668762,-8921203,-135730015,-21125382,-26710568,-586776068,-19930290286,-3028048,-20339275824,8918789,-503872,-18181108,418751729,-3064408555,-1117560,-2823376005,-412853,-241032550,-704707,117892771629,49077740,490831382,3402,4548986500,4836,988739488,16393,5994096546,23715,2079514834,0,0,2663532630,3371803,1338125447,1701626,1109842022,1314466,1243502660,1191644,701294109,1042270,623297720,975541,2336289668,4798953,2891699612,7204313,3790705969,3830301,1917820301,2405779,3224587583,1466393,21840697721,29303089,7619631456,2263057,13792522477,27035281,264631074,3091,163912714,1660,21840697721,29303089,1808883390,15987,1013639283,247381,2822522673,263368,58421221,3230,1427262182,1194337,79205877,382,473061,5,28872020,1514,116881306,33538,3188170,251,71714221,21132,89783898,552584,4284094467,6122998,381400276,48086,6355002759,7579539,15485694962,21723550,37312895536,4209001,52798590498,25932551,-2425134760,-72506,-2725452289,-811974,-429235557,-1875,-17802852889,-3626897,29415915003,21419299,-169268415,-2916,-1290665605,-20214,-11380697633,-14771560,16575283350,6624609,-4109852596,-2471454,-8198520043,-1648001,4266910711,2505154,14161103133,19705739,37312895536,4209001,51473998669,23914740,-2411108204,-71597,-2359688928,-647056,-425969775,-1852,-17324091295,-3582171,28953140467,19612064,-139174384,-2803,-1276156192,-19986,-14888670,-138,-283472089,-99388,-4346844603,-1364016,-9022771631,-246184,-2931621329,-14688957,10938211569,3190592,-9047716321,-1690729,1890495248,1499863,2830,9,64224193,4107,297944544,1030997,4372778,2012,8919005,1,650476,4485,79802938,194542,50658979,98744,1322586816,1491541,31364107,912,1860526666,2827350,375886,66,8560959312,1180614,3694442602,655848,25609461426,2398587,37312895536,4209001,397060531,30327,1544538073,423723,-1098500654,-130415,-19089743,-11794,426947676,281812,2,2024,1,2023,4,12,31
2023-12-31,Direct Loans,D,Non-CFO,02,22154700403,627,405815345,14,228417831,-712056552,-712053774,0,0,-2778,0,0,0,-2450039,2,-2454976,0,0,0,4937,-41349,-1,0,0,-41349,-1,22074385639,566,4593085567,239,0,0,121907308,22,638976273,13,2590579186,0,0,653311,15,1375051,5,26064,2,2543343,4,1242556,4,7582993,5,4510726,7,224232510,30,191471537,23,260033612,12,2975244221,71,3668915924,178,422267512,58,0,0,3246648412,120,0,0,3668915924,178,0,0,0,0,0,0,0,0,0,0,0,0,0,0,0,0,0,0,0,0,0,0,0,0,4584474,25,13294,1,4597769,26,3664318155,152,304243096,131,3968561251,283,0,0,-196038475,-31,0,0,-258316807,-70,3514205969,182,-3246635118,-119,0,0,-222673221,-4,44897630,59,0,0,-44897630,-59,0,0,3655492606,143,304243096,131,3959735702,274,0,0,-194411336,-26,0,0,-258316807,-70,3507007559,178,-3239436708,-115,0,0,0,0,0,0,0,0,0,0,-222673221,-4,44897630,59,-44897630,-59,0,0,0,0,0,0,0,0,0,0,0,0,0,0,2778,2,0,0,182528,1,0,0,185306,3,0,0,44897630,59,0,0,1028659,2,304243096,131,258358156,71,44186919,3,-44186919,-3,0,0,0,0,3,2024,1,2023,4,12,31
2023-12-31,Direct Loans,D,CFO,03,1972282285599,227139730,38460915484,6671572,20890907736,-25156144174,-8914549547,-16197547112,0,-25879340,-5836802,-11731445,-599928,-17671674782,353650949,-2460848206,0,-16438622828,-1300648,1229096900,-38402200467,-31383129,-24767185817,-148227,-13635014650,-31234902,1950404089396,226017502,539275869,114,18499762394,10273,1791887752,22705,62525544365,33900,111641818083,0,0,6750019896,6885607,1285532214,3004877,10897392748,31060611,2852176672,22265,1174012666,9154,531725613,5714,4511971947,107981,2504430643,76510,25917527112,5037066,45516940159,8056652,25524516351,4152197,127466246021,58418634,24441831845,199034,102982834634,58219573,41579542,27,0,0,127466246021,58418634,302548294,15545,102594570354,58209644,102897118648,58225189,78964367,376028,6814252,1645,5621846,128,0,0,228186484,832,111175,15,2370,27,85324,31,24787124,5510,15613810722,107062,5840162239,40482263,21785121530,40973360,105681124491,17445274,25406120740,1698888,131087245231,19144162,-2664012114,-241420,-2018031262,-6560,-369537118,-6217,-19931120924,-1768196,106104543813,17121769,-49516520,-101,-1056185130,-10122,-2962615003,-130781,102036227160,16980765,-91903387035,-16233418,-6731111288,-68472,3401728837,678875,103975386212,17430406,25406120740,1698888,129381506952,19129294,-2662883487,-241274,-2014436912,-5701,-406037534,-6612,-18196331813,-1758107,106101817206,17117600,-47816267,-90,-1054345630,-10120,0,0,-2165080,-80,-94150300615,-16882889,-2083829612,-15582,-1955927625,-138405,6807432377,70434,-6807426864,-70431,5513,3,0,0,11317339,4292,484443,394,1578276185,15908783,3619001,23981,0,0,21036624,67892,4782593,12417,646359263,550412,0,0,2265875448,16568171,33411,5,10864113816,66366,517818415,11936,15999413163,1603512,25406120740,1698888,459827315,47199,11590266531,2210065,-114164435,-3963,-295652,-1358,11475806444,2204744,4,2024,1,2023,4,12,31
2023-12-31,Defaulted Guaranteed Loans,F,Non-CFO,02,3494937018,1037,54279844,44,73367262,-234593713,-234585905,-7808,0,0,0,0,0,8993346,-1,0,0,0,0,8993346,-28781269,-43,-20774514,-19,-8006755,-24,3368202488,1009,189797874,23,0,0,29063257,7,28479480,4,47904093,0,0,3815235,12,1158173,5,2038344,6,16539171,5,761165,2,557537,3,11684230,17,202099488,40,1329270532,159,198984002,146,474457302,467,2241365179,862,2093355040,843,0,0,148010139,19,0,0,2241365179,862,0,0,0,0,0,0,0,0,0,0,0,0,253778,1,0,0,0,0,0,0,0,0,0,0,23233238,25,63909,2,23550923,28,2217814256,834,375485484,216,2593299740,1050,0,0,-241948130,-59,0,0,-375485484,-216,1975866126,775,-147946230,-17,0,0,-1827919896,-758,0,0,0,0,0,0,0,0,2216495554,829,375485484,216,2591981038,1045,0,0,-241418718,-57,0,0,-375485484,-216,1975076836,772,-147918105,-16,0,0,0,0,0,0,0,0,0,0,-1827158731,-756,0,0,0,0,0,0,0,0,0,0,0,0,7808,6,0,0,0,0,0,0,0,0,728206471,162,0,0,728214279,168,0,0,0,0,0,0,375485484,216,375485484,216,0,0,0,0,0,0,0,0,0,0,5,2024,1,2023,4,12,31
2023-12-31,Defaulted Guaranteed Loans,F,CFO,03,146992375724,18788843,6374999475,231618,2242977158,-1977201101,-1844424643,-89894950,0,-41291737,0,-1587227,-2544,-517707976,1324092,-328228143,0,-205392047,756389,15155825,-2609976933,-146714,-1729091638,-28134,-880885295,-118580,150505466347,20014650,78740045,4,0,0,317110834,3995,198534055,1828,36378566543,0,0,383676562,268407,62783730,111604,1351684284,712652,80819512,3871,137047498,9217,423896482,41349,1148302237,80906,2118962311,178635,12191383030,1297278,8436060334,964150,26427107120,3730230,52761723100,7398299,3370216846,284541,49391506254,7113758,0,0,0,0,52761723100,7398299,236496925,1066,49374026369,7112641,49610523294,7113707,2665224,1039,248558,26,2760,1,0,0,118407454,1330,0,0,0,0,2581723,140,3376039,104,113006267,153795,1670163019,940223,1878964088,1096534,50882759012,6301765,23981319967,595925,74864078979,6897690,-896385976,-31690,-54614982,-92,-222965443,-964,-7386361218,-663460,66303751360,6201484,-11960,-3,-761152034,-19053,-31901967244,-2914916,33640620122,3267512,-21165630717,-3174341,-12473992238,-93140,997167,31,50321815032,6251199,23981319967,595925,74303134999,6847124,-896289503,-31669,-54581118,-89,-224458190,-963,-6894041710,-620332,66233764478,6194071,-2220,-2,-761152034,-19053,0,0,0,0,-46739395181,-6031061,-5517182929,-41416,-685023957,-7082,12531008157,95457,-12527203926,-95282,3804231,175,0,0,876488,3027,787493,3505,28398763,4220,0,0,164443,5,37130455,36443,1960317,2548,50834646,7767,0,0,120152605,57515,0,0,12500533950,93986,358895096,6526,11121890622,495413,23981319967,595925,131558959,12354,1132098622,135276,-153510604,-15930,-1061092,-1003,977526926,118343,6,2024,1,2023,4,12,31
2023-09-30,Administrative Receivables,A,Non-CFO,02,19423946856,224201,60897554481,325072,181177941,-57133211593,-56781370893,-1076610,0,-29517242,0,-320453618,-793230,133007417,-5232,85650633,-172017,0,0,47528801,-2381495930,-33931,-1578171611,-18860,-803324319,-15071,21120979172,328415,31278,36,1125050061,336,10469,39,2950860,112,126947356,0,0,506688259,11000,80202327,7332,187296539,8155,108875491,5089,79388016,4555,1937989304,3416,537775385,23262,2103207119,16575,608475155,14628,30683402,513,932841,132,6181513838,94657,2207616558,14544,3939430140,79919,33665865,124,801275,70,6181513838,94657,644328212,1368,2095540087,27766,2739868299,29134,15368,2,2672119,232,0,0,0,0,648218,5,1082767,144,0,0,418341,252,132,5,577157575,18248,891180,166,883062616,31576,5298451222,63081,15935862102,69581,21234313324,132662,-996629864,-950,-571855036,-8126,0,0,-138247153,-4451,19527581271,119135,-30753465,-101,-9545526274,-3505,-5873103119,-15463,4078198413,100066,-1199067101,-953,-2863368391,-84797,15762921,14316,3281073902,55110,15935862102,69581,19216936004,124691,-996629389,-948,-569895089,-8037,0,0,-132980678,-4275,17517430848,111431,-28332350,-76,-9062127506,-3272,0,0,-13812849,-2708,0,0,-1035600541,-2095,-4307224358,-10441,3070333244,92839,-3062188147,-84365,8145097,8474,0,0,808559594,697,47211081,102097,0,0,0,0,0,0,28192374,34807,850890,1276,2498170660,68345,251422,318,3383236021,207540,0,0,2774137209,12782,925654408,2382,8950024625,10995,15935862102,69581,772696573,11254,89940955,21059,-24824779,-2568,-764513,-18168,64351663,338,1,2023,4,2023,3,09,30
2023-09-30,Administrative Receivables,A,CFO,03,107715564287,45738466,322419056615,109507829,3097881557,-287633343688,-280811678889,-3746284922,-50404913,-575538825,-46858959,-421658816,-1980918364,-6094860112,-12062288,-7707984337,48565341,-92810289,-45764431,1703133604,-7219287088,-2593276,-6635565303,-1128421,-583721785,-1464855,132285011571,46079176,421045155,2069,5063015868,7172,891767819,13469,5646515862,31497,1962775110,0,0,2739808887,3543890,1136676071,1698999,843452209,1351747,703515250,1266988,734615494,1099357,681567938,1111064,2008327537,4424353,2554703822,6256390,3737339454,4067918,1972010171,2301405,3228976630,1423875,20340993463,28545986,6353207957,718310,13559198159,27823204,245712174,1753,182875173,2719,20340993463,28545986,1872658214,23299,416906980,159864,2289565194,183163,55220112,2788,1265551655,1153509,78782941,406,0,0,41026860,1011,91162407,25116,3583764,221,112386621,46267,39729748,4186,3671010368,6580102,253097981,50584,5423452417,7861624,14917541046,20684362,36971543010,4130183,51889084056,24814545,-2503259019,-72893,-2588700015,-769207,-397892779,-1809,-18120954872,-3591333,28278277371,20379303,-134836174,-1633,-1615194112,-74098,-4989964424,-12235382,21538282661,8068190,-4098385159,-2501473,-13057721434,-3177333,4382176068,2389384,13501357614,18473941,36971543010,4130183,50472900624,22604124,-2494755163,-71918,-2363796297,-622383,-333637899,-1476,-17563881212,-3545366,27716830053,18362981,-104904777,-1534,-1606525995,-64728,-11646635,-118,-256975133,-97424,-4283437895,-1340153,-3660523589,-125165,-2109211929,-12116217,15683604100,4617642,-13562888926,-3238671,2120715174,1378971,539371,339,290941357,13836,1167180250,4153106,34615205,6666,0,0,3368485,23227,205497029,1137444,415748951,564187,6402756416,4939048,72622983,1708,8593270047,10839561,198345,5,13076388711,1246611,3541679584,641885,20666336189,2255835,36971543010,4130183,1094284836,105261,1461097927,423621,-1003485434,-128371,-19157218,-12884,438455275,282897,2,2023,4,2023,3,09,30
2023-09-30,Direct Loans,D,Non-CFO,02,22253934008,628,2466955353,92,1486111249,-3428009850,-3428001354,0,0,-8496,0,0,0,-623445093,-30,-623478864,0,0,0,33771,-845264,-1,0,0,-845264,-1,22154700403,627,4639370393,244,0,0,130709184,22,679473688,12,2591671695,0,0,3960388,9,1504523,10,7290937,6,2688541,3,4384303,5,510886,2,9077764,6,218586242,42,200375716,10,258926247,11,2957749813,71,3665055360,175,437203648,54,0,0,3227851712,121,0,0,3665055360,175,0,0,0,0,0,0,0,0,0,0,0,0,0,0,0,0,0,0,0,0,0,0,0,0,5757104,22,9687284,6,15444389,28,3649610971,147,310646648,139,3960257619,286,0,0,-209801981,-30,0,0,-264719443,-78,3485736195,178,-3218164428,-115,0,0,-222673221,-4,44898546,59,0,0,-44898546,-59,0,0,3644715782,140,310646648,139,3955362430,279,0,0,-204906792,-23,0,0,-264719443,-78,3485736195,178,-3218164428,-115,0,0,0,0,0,0,0,0,0,0,-222673221,-4,44898546,59,-44898546,-59,0,0,0,0,0,0,0,0,0,0,0,0,0,0,2792,2,0,0,22995810,4,0,0,22998602,6,0,0,44898546,59,0,0,10286590,2,310646648,139,265092325,79,44186919,3,-44186919,-3,0,0,0,0,3,2023,4,2023,3,09,30
2023-09-30,Direct Loans,D,CFO,03,2030090376701,223991117,151619000419,24503966,21151898318,-58725957855,-38739946196,-19355458191,0,-123094774,-24227459,-30704024,-452527211,-28538565861,389180850,-2714029426,2306299,-26941942959,-4729877,1119830102,-143314466123,-17242177,-51796329316,-313318,-91518136807,-16928859,1972282285599,227139730,578821492,119,21426092283,10321,1751613621,22674,62139343597,35275,106562864360,0,0,195325586,76677,164583329,12528,5898032869,60218,2762537780,22013,1970643203,16357,1844512310,15497,19075426105,276174,255855782,80472,30746321214,5966783,44653721120,7995158,23802885089,3868477,131369844387,18390354,32061157786,353754,99275413089,18036574,33273512,26,0,0,131369844387,18390354,322157537,15601,98938843319,18027716,99261000856,18043317,13234985,1688,7624400,1704,7615658,184,0,0,202257042,633,365394,37,1788,25,29545,8,17063444,5688,8790558877,114971,2400616,46870,9020479564,171436,122349364823,18218918,13387439488,1441507,135736804311,19660425,-2702260457,-253452,-1975817640,-6422,-628862614,-9763,-29095400004,-1555357,101334463596,17835431,-41753588,-106,-827009399,-9415,-2343266722,-610105,98122433887,17215805,-93647328898,-16400791,-1644413920,-48475,2830691069,766539,118534209310,18187064,13387439488,1441507,131921648798,19628571,-2700974104,-253290,-1972540119,-5561,-630145660,-9709,-25310859374,-1554139,101307129541,17805872,-39374609,-88,-827009399,-9415,0,0,-6590573,-285,-96330870056,-17460928,-205790590,-18203,-2155250313,-265461,1742244001,51492,-1742215271,-51483,28730,9,0,0,27248583,13726,2058841,849,62251282,756385,2306299,1,19256,189,76164907,230432,46752756,70870,2248077273,1110823,0,0,2464879197,2183275,0,0,1663649668,47507,404985316,9446,11294272554,1384221,13387439488,1441507,2954939162,308684,21908683974,2252861,-177503847,-4915,-295652,-1358,21730884475,2246588,4,2023,4,2023,3,09,30
2023-09-30,Defaulted Guaranteed Loans,F,Non-CFO,02,4107764106,1167,423062912,101,307634747,-1203916551,-1203320906,-595645,0,0,0,0,0,-27571714,-8,0,0,0,-62048772,34477058,-112036482,-102,-85493769,-33,-26542713,-69,3494937018,1037,198324130,23,0,0,29536973,7,35793508,4,45237747,0,0,9907366,12,2743466,4,304636,3,9090,1,50038,3,474437,5,29395560,18,354810960,43,1141447269,149,206678442,157,473526188,469,2219347452,864,2071855844,844,0,0,147491608,20,0,0,2219347452,864,0,0,0,0,0,0,0,0,0,0,0,0,184628,1,0,0,0,0,0,0,0,0,0,0,12751805,18,28125,1,12964558,20,2206382894,844,457158992,204,2663541886,1048,0,0,-205929780,-46,0,0,-457158992,-204,2000453114,798,-71155991,-8,0,0,-1852989631,-779,76307492,11,-76307492,-11,0,0,0,0,2205858419,836,457158992,204,2663017411,1040,0,0,-205912509,-43,0,0,-457158992,-204,1999945910,793,-147405759,-17,0,0,0,0,0,0,0,0,0,0,-1852540151,-776,0,0,0,0,0,0,0,0,0,0,0,0,595645,34,0,0,0,0,0,0,0,0,1243903014,284,0,0,1244498659,318,0,0,0,0,0,0,457158992,204,457158992,204,0,0,0,0,0,0,0,0,0,0,5,2023,4,2023,3,09,30
2023-09-30,Defaulted Guaranteed Loans,F,CFO,03,129393784937,13626620,33335538282,1477636,5915511343,-7611996090,-6144465138,-1319834100,-32414852,-108887551,-18499,-5097457,-1278493,353118721,4730221,739629599,-141563543,-297924954,86962,52890657,-14393581469,-344178,-11980045900,-93955,-2413535569,-250223,146992375724,18788843,106263614,4,0,0,210936619,2612,326531470,3131,34605483483,0,0,25330674,573,16283763,621,1181922212,125896,60131281,412,108698706,4236,430941203,37936,1055143042,59786,2074726650,138237,12241144610,1252050,8633809329,997520,26468044258,3743310,52296175728,6360577,3137342047,10735,49158833681,6349842,0,0,0,0,52296175728,6360577,272724223,1279,49146055871,6348938,49418780094,6350217,468108,8,127572,21,3944,1,0,0,1283032,5,0,0,0,0,2727049,165,2736418,110,52209319,1015,1234276711,126222,1283667930,127502,51012507798,6233075,20474236478,151686,71486744276,6384761,-890876058,-31968,-52344379,-113,-96022253,-182,-3496962813,-96194,66950538773,6256304,-14388,-2,-847545858,-20109,-27633259682,-2879539,38469718845,3356654,-22149064156,-3260281,-16320240036,-96359,414653,14,50472867889,6190903,20474236478,151686,70947104367,6342589,-890808533,-31952,-52263168,-105,-96022254,-182,-3007335442,-58589,66900674970,6251761,-14388,-2,-847545858,-20109,0,0,0,0,-46972167432,-6085927,-2021280708,-41071,-724278298,-7490,16335388286,97162,-16334986497,-97150,401789,12,740,7,4886359,4376,3489329,15628,142576760,15440,0,0,6179,10,91350944,140690,8243401,7974,184671305,27535,0,0,435225017,211660,0,0,16313255918,96148,359533147,6612,3802706294,48973,20474236478,151686,3555778450,438447,1390734745,143249,-412053956,-23855,-1061092,-1003,977619697,118391,6,2023,4,2023,3,09,30
2023-06-30,Administrative Receivables,A,Non-CFO,02,19423946856,224201,42560195951,248513,101661011,-43564181922,-43245672627,-863377,0,-24243970,0,-292823150,-578798,28107702,8115,-21035263,1399331,0,0,47743634,-1725596332,-26205,-931385634,-15157,-794210698,-11048,16824133266,275628,2134,24,1029022203,298,11748,40,751817,110,74102389,0,0,72029557,7440,80016332,5175,185192610,5437,87195163,4671,230719228,7750,68828507,3718,684583115,16197,1885893677,16578,599450254,14185,31412689,670,970168,128,3926291300,81949,1737094209,15601,2161558539,66174,27065919,129,572633,45,3926291300,81949,644345825,1543,106650833,26563,750996658,28106,0,0,2839234,212,0,0,0,0,321415980,253,832447,91,0,0,477274,232,243,3,98556950,21496,234164,120,424433662,22723,3501857638,59226,15479417209,67415,18981274847,126641,-1015773365,-924,-571202111,-6165,-35405765,-4,-101266187,-3758,17257627419,115790,-25507635,-103,-9269418151,-3483,-4099260467,-14643,3863441166,97561,-1053983967,-595,-2781791216,-76344,27665983,20622,3202309903,47758,15479417209,67415,18681727112,115173,-1015774965,-924,-536465197,-6114,0,0,-147203645,-4110,16982283305,104025,-23993945,-76,-8753071877,-3272,0,0,-6055080,-669,0,0,-1034713263,-1959,-4159962610,-6721,3004486530,91328,-2979440266,-75450,25046264,15878,0,0,739730755,591,31865076,75088,0,0,0,0,0,0,23437346,24074,671697,933,1103349680,47740,185641,253,1899240195,148679,0,0,2727654708,7667,828452799,7788,8306211949,10471,15479417209,67415,271695729,851,90632977,21059,-25565835,-2569,-764513,-18168,64302629,322,1,2023,3,2023,2,06,30
2023-06-30,Administrative Receivables,A,CFO,03,107715564287,45738466,240605314576,82123985,1347760762,-209527765140,-205158832263,-2182908692,0,-412842272,-28919962,-242675225,-1501586726,-7958686656,-11335680,-9107201847,-89319,-88515338,-33221839,1270341687,-5946615890,-2130413,-5511458935,-876938,-435156955,-1253475,126235571939,42615801,445241909,5627,6281230083,6215,781383634,10532,5737248711,26470,1733955415,0,0,2413162121,3846825,1286783863,1785699,990877956,1509143,688115804,1148873,562016533,1193535,534307036,933642,1978448935,4389653,2540723823,5056056,3809464454,4306404,1884677637,2213950,3142014446,1399993,19830592608,27783773,6258263275,643935,13143101940,27135059,257057030,2174,172170363,2605,19830592608,27783773,1812477947,19057,451265663,169443,2263743610,188500,71294067,2897,1118985295,1239184,74044143,359,1509162,12,26677264,1045,91686359,24596,5303151,319,158460301,20385,35760120,4610,3700039313,6949774,180938882,46070,5378939744,8290540,14451652864,19493233,36123407769,4078621,50575060633,23571854,-2492533407,-71815,-2487049840,-720377,-436854865,-2020,-16918541776,-3545955,28240080745,19231687,-152025501,-2153,-1173965656,-20044,-5890593184,-11593110,21023496404,7616380,-4050425871,-2437811,-12734434777,-2789684,4238635756,2388885,13355329295,17366056,36123407769,4078621,49478737064,21444677,-2489128183,-70976,-2303055493,-564761,-357912190,-1625,-16546860751,-3506232,27781780447,17301083,-111322344,-1927,-1144449659,-19800,-11299143,-223,-238105025,-98977,-4284254869,-1340471,-4191366012,-104586,-2488896122,-11515295,15312087273,4219804,-13258383037,-2837824,2053704236,1381980,441973,99,86654745,10416,915698499,3235540,11847571,4936,0,0,2838391,19184,141513302,941378,350562848,471711,8188071546,3829038,56064678,10965,9753693553,8523267,17191344,334,12804144244,1240584,3628703043,646829,20048090108,2200373,36123407769,4078621,896308372,94519,1466660342,423391,-998960119,-128376,-19146603,-12193,448553620,284079,2,2023,3,2023,2,06,30
2023-06-30,Direct Loans,D,Non-CFO,02,22253934008,628,1778562044,67,796628088,-2441117139,-2441111436,0,0,-5703,0,0,0,-180198687,-14,-180210765,0,0,0,12078,-796216,-1,0,0,-796216,-1,22207012098,623,4908311968,253,0,0,131037076,24,683837453,10,2511276030,0,0,5163377,9,2543504,8,6129766,6,9167,1,573688,4,3046708,7,148841715,8,73934004,41,195589472,9,258817355,11,2925213161,71,3619861917,175,427972630,52,0,0,3191889287,123,0,0,3619861917,175,0,0,0,0,0,0,0,0,0,0,0,0,0,0,0,0,0,0,0,0,0,0,0,0,6570701,21,7275113,3,13845814,24,3606016103,151,310650807,139,3916666910,290,0,0,-198135182,-29,0,0,-264719443,-78,3453812285,183,-3184614174,-120,0,0,-224295406,-4,44902705,59,0,0,-44902705,-59,0,0,3602395707,140,310650807,139,3913046514,279,0,0,-196980930,-23,0,0,-264719443,-78,3451346141,178,-3182148030,-115,0,0,0,0,0,0,0,0,0,0,-224295406,-4,44902705,59,-44902705,-59,0,0,0,0,0,0,0,0,0,0,0,0,0,0,2792,2,0,0,20119811,4,0,0,20122603,6,0,0,44902704,59,0,0,265748102,80,310650807,139,421930,1,51870848,7,-51870848,-7,0,0,0,0,3,2023,3,2023,2,06,30
2023-06-30,Direct Loans,D,CFO,03,2030090376701,223991117,101832719877,16278855,11206510992,-34845144311,-29271153072,-5438701690,0,-96384590,-16777121,-20937211,-1190627,-19185773856,371545682,-1331487779,2306299,-18169185464,-4002170,316595258,-83318447880,-5723028,-38710765335,-245362,-44607682545,-5477666,2005780241523,224595606,856463196,130,18137031451,10272,1819145808,23108,60332286089,36337,106875062816,0,0,8258566924,68699,895453586,11559,7607282482,88135,3490132136,33628,6517865418,109576,8153274804,157280,13334641501,149076,545308506,100146,35503598790,6781131,44929488795,7991286,22482106581,3597522,151717719523,19088038,48730993410,485990,102958284046,18602022,28442067,26,0,0,151717719523,19088038,354828688,16796,102577746783,18593741,102932575471,18610537,14904435,530,7244551,1677,7908923,182,0,0,157916660,488,795139,79,1768,15,16436,11,10960231,5614,20062048494,152658,3433254,40956,20251435128,202021,131466284395,18886017,18057450755,1627129,149523735150,20513146,-2774624226,-265458,-1981870479,-6341,-570221652,-9001,-40194603376,-1779752,104002415417,18452594,-35792487,-101,-674406203,-8826,-4981313212,-1459018,98310903515,16984649,-97052777959,-16939562,-1258093401,-45071,32155,16,116795144173,18619161,18057450755,1627129,134852594928,20246290,-2772280714,-265096,-1978538886,-5532,-567421458,-8941,-25558721504,-1518888,103975632366,18447833,-34204340,-88,-674406203,-8826,0,0,-7588496,-289,-99926381195,-18012924,-173819610,-15903,-1817749170,-362621,1341483352,47182,-1341464087,-47174,19265,8,0,0,17255648,8315,1791800,436,44100762,583969,2306299,1,65971,251,54298938,151152,39027402,55121,1536689288,535827,0,0,1695536108,1335072,0,0,1262753901,43198,472059943,9759,16396845498,1573773,18057450755,1627129,2412264630,253830,23119802093,2460461,-177547345,-4934,-51948437,-15029,22890306311,2440498,4,2023,3,2023,2,06,30
2023-06-30,Defaulted Guaranteed Loans,F,Non-CFO,02,4107764106,1167,391542275,84,225610879,-976058458,-975642130,-416328,0,0,0,0,0,24982112,-6,0,0,0,0,24982112,-92186789,-74,-81402618,-46,-10784171,-28,3681654125,1081,205956682,23,0,0,29536973,7,44279553,4,40848418,0,0,6743244,7,526514,4,728416,5,9957,2,18591588,7,6138819,5,91099231,15,655738911,50,783528834,151,213057458,186,468949198,465,2245112170,897,2098925708,877,0,0,146186462,20,0,0,2245112170,897,0,0,0,0,0,0,0,0,0,0,0,0,63745,1,0,0,0,0,0,0,0,0,0,0,1887679,14,6056707,3,8008131,18,2237104039,879,509598023,186,2746702062,1065,0,0,-210384592,-47,0,0,-509598023,-186,2026719447,832,-140129755,-17,0,0,-1886589692,-815,0,0,0,0,0,0,0,0,2212373632,867,509598023,186,2721971655,1053,0,0,-186569393,-44,0,0,-509598023,-186,2025804239,823,-139756686,-15,0,0,0,0,0,0,0,0,0,0,-1886047553,-808,0,0,0,0,0,0,0,0,0,0,0,0,416328,25,0,0,0,0,0,0,0,0,615142288,182,0,0,615558616,207,0,0,0,0,0,0,509598023,186,509598023,186,0,0,0,0,0,0,0,0,0,0,5,2023,3,2023,2,06,30
2023-06-30,Defaulted Guaranteed Loans,F,CFO,03,129393784937,13626620,24108308146,984124,4027021354,-5236832954,-4931116722,-212369622,-18602512,-69021521,-18499,-4428556,-1275522,3129838804,2544795,3415334192,-92516491,-228059218,-1795603,36875924,-9936833592,-172477,-9439715932,-64997,-497117660,-107480,145485286695,16539919,106263614,4,0,0,214932761,2651,333811759,3045,33864836373,0,0,48267020,150982,33467682,5094,1365262790,147291,41157860,5670,204331934,11963,600872373,63133,1374624090,124116,3342522423,316206,12221434652,1291033,8138925654,948827,26453207976,3717210,53824074454,6781525,3555315560,282655,50268758894,6498870,0,0,0,0,53824074454,6781525,484699158,2473,50253542612,6497859,50738241770,6500332,660278,12,311962,26,5127,1,0,0,1095746,3,0,0,0,0,51770,6,4703667,254,74818972,164622,1407919168,144271,1488155352,309037,52335919102,6472488,23819133905,605213,76155053007,7077701,-894091983,-32771,-49823515,-131,-224033005,-962,-7546506589,-676881,67440597915,6366956,-14388,-2,-833385603,-20243,-28291189673,-2932779,38316008251,3413932,-22725143493,-3318361,-15590463719,-95554,401039,17,51530714795,6397392,23819133905,605213,75349848700,7002605,-893424760,-32690,-49689168,-126,-223905255,-960,-6903758571,-619105,67279070946,6349724,-14388,-2,-834865233,-20259,-108496,-7,0,0,-47621607099,-6184941,-2096459500,-39131,-1095232693,-8280,15630783537,97104,-15630520921,-97093,262616,11,567,5,4494413,3353,2752296,12140,107102051,12626,0,0,6179,10,55806439,94840,6797191,5988,133338272,19937,0,0,310297408,148899,0,0,15613688587,96331,358760662,6603,7846684657,502279,23819133905,605213,762023346,72807,1195152288,137453,-214341045,-17600,-1061092,-1003,979750151,118850,6,2023,3,2023,2,06,30
2023-03-31,Administrative Receivables,A,Non-CFO,02,19423946856,224201,29645431122,192603,71937564,-32209869767,-31921911072,-898523,0,-15861294,0,-270751484,-447394,-69937399,-3013,-114987778,-132037,0,0,45182416,-1024640393,-14313,-244111709,-10150,-780528684,-4163,15836867983,251454,2141,25,956507415,312,22749,68,808254,116,55905710,1024,1,91147924,7305,245705677,10565,75714611,4302,28083779,3653,26977892,3338,110652563,4414,1779278371,16074,1011429936,17775,618501033,14028,48491176,816,478591166,125,4514574128,82395,2481730066,15896,2005695681,66333,26537328,125,611053,41,4514574128,82395,644358273,1571,106886394,26803,751244667,28374,0,0,34919232,159,0,0,0,0,329125372,159,498907,75,0,0,315770,174,83294,13,69941343,24854,236864,106,440651991,25825,4073922137,56570,14689173550,65053,18763095687,121623,-994901946,-938,-536650887,-6184,0,0,-73417854,-8047,17158125000,106454,-25102885,-97,-9085884995,-3525,-4132903301,-9213,3914233819,93619,-1028075587,-6030,-2871197852,-75849,14960380,11740,3936291682,48818,14689173550,65053,18625465232,113871,-994901374,-937,-535386181,-6087,0,0,-85724564,-8413,17009453113,98434,-21453739,-74,-8700402425,-3279,0,0,-354888,-257,0,0,-1010150991,-583,-4126601932,-7820,3150489138,86421,-3139132749,-76928,11356389,9493,0,0,693536154,390,23255688,50443,0,0,0,0,0,0,15276878,14691,475898,657,940311860,32968,182159,227,1673038637,99376,0,0,2802804306,12564,1110833606,8148,8310038517,10375,14689173550,65053,225419345,216,91772262,21091,-25561110,-2561,-1908522,-18208,64302630,337,1,2023,2,2023,1,03,31
2023-03-31,Administrative Receivables,A,CFO,03,107715564287,45738466,171730083104,50907490,898179601,-145114060126,-142466476189,-1314876970,0,-254738989,-7639180,-102378749,-967950049,-11116986910,-6614256,-11844554228,-7899606,-89335821,-12898484,837701229,-4422268929,-1251450,-4135460835,-486229,-286808094,-765221,119690511027,36600379,576160943,3086,7144272489,5594,1882671354,7804,7075967381,28265,817203614,0,0,2254251344,1406168,1121011750,424184,881864864,1211108,565426355,1013954,509575676,998820,780978074,900461,1936412776,7222992,2208494011,1062417,3722905793,4723170,1846901407,2060485,3071973735,1351362,18899795785,22375121,5818886996,609416,12496449484,21760984,234073592,2265,350385713,2456,18899795785,22375121,2079519597,14019,453937555,173155,2533457152,187174,63307690,2825,1003676801,1088213,33055101,189,2732091,16,41688750,1082,96650767,26161,4744305,287,142055849,18346,38162038,5460,3473746932,2951618,169761576,4192502,4822554313,4055414,14077241472,18319707,35810834457,4021414,49888075929,22341121,-2564903823,-72057,-2415384590,-690135,-979969956,-4747,-15990651977,-3514524,27937165583,18059658,-117673462,-2138,-1223944107,-19651,-5713465667,-10798224,20882082347,7239645,-4112184132,-2519803,-12548160337,-2364843,4221737878,2354999,12786687722,16420426,35810834457,4021414,48597522179,20441840,-2547276361,-70645,-2120733707,-561676,-894582946,-4270,-15627888889,-3472313,27407040276,16332936,-85266287,-1995,-1216046380,-19399,-8714313,-216,-215832202,-104744,-4310437333,-1345903,-4461542837,-104334,-2147922447,-10973018,14961278477,3783327,-12805875179,-2416467,2155403298,1366860,520620,67,101612921,8446,556140487,1995654,8222669,3214,0,0,2101266,14084,88645430,598186,242560349,291188,4052856504,1820135,21955541,875,5074615787,4731849,200057,7,12298653530,1178605,3619352990,653758,19972625470,2193869,35810834457,4021414,607821103,55215,1447766540,424358,-998972989,-128376,-19124349,-13045,429669202,289662,2,2023,2,2023,1,03,31
2023-03-31,Direct Loans,D,Non-CFO,02,22253934008,628,1390903031,49,427860399,-1619982910,-1619979999,0,0,-2911,0,0,0,-32837502,-7,-32846788,0,0,0,9286,-677532,-1,0,0,-677532,-1,22419199494,623,4985585234,257,0,0,152672971,23,734548519,12,2531846729,0,0,1818182,1,666824,6,2669134,8,6379375,4,1035221,2,418145,2,212972235,13,20469966,36,194740687,10,258752056,12,2906876849,70,3606798674,164,415184375,43,0,0,3191614299,121,0,0,3606798674,164,0,0,0,0,0,0,0,0,0,0,0,0,0,0,0,0,0,0,0,0,0,0,0,0,9081145,15,2452370,4,11533515,19,3595265159,145,309930349,138,3905195508,283,0,0,-187279982,-27,0,0,-263994448,-77,3453921078,179,-3184718376,-116,0,0,-224295460,-4,44907242,59,0,0,-44907242,-59,0,0,3593811793,141,309930349,138,3903742142,279,0,0,-185826616,-23,0,0,-263994448,-77,3453921078,179,-3184718376,-116,0,0,0,0,0,0,0,0,0,0,-224295460,-4,44907242,59,-44907242,-59,0,0,0,0,0,0,0,0,0,0,0,0,0,0,1744,2,0,0,109759,1,173142,1,284645,4,0,0,44907241,59,0,0,1028659,2,309930349,138,264535062,78,51870848,7,-51870848,-7,0,0,0,0,3,2023,2,2023,1,03,31
2023-03-31,Direct Loans,D,CFO,03,2030090376701,223991117,82629228514,11925908,9373462456,-23245753585,-19808991731,-3223859389,0,-37725245,-10078249,-10605686,-154493285,-13903620848,285350181,1710452348,1605784,-15887207568,-2171801,273700389,-33444953369,-4304248,-3091287821,-157786,-30353665548,-4146462,2051498739869,197276146,918703194,131,20422206157,10382,1881172638,23832,60203655430,36800,84205984723,0,0,8703155946,46386,1240274287,14764,25820273479,521371,24322120212,364004,8232883719,96634,414635450,13701,587630341,47747,576008904,122626,40363411247,7640806,44426316663,7911282,21382220942,3380355,176068931190,20159676,69514625169,966569,106527955940,19193082,26350081,25,0,0,176068931190,20159676,391438422,18623,105881996565,19180486,106273434987,19199109,51072039,1502,13788042,1730,15071668,249,0,0,259242805,1386,774455,91,1788,25,86897,26,12135692,13283,59783058233,906336,1728018,22965,60085823924,946525,115983107266,19213151,18014827617,1632140,133997934883,20845291,-2790397821,-274014,-1887014700,-6415,-567002637,-8937,-22433251969,-1797226,106320267756,18758699,-36360890,-147,-475838159,-7705,-5185362094,-1326879,100622706613,17423968,-99223508816,-17350020,-1328665955,-46582,70531842,27366,107335588097,19102816,18014827617,1632140,125350415714,20734956,-2789564086,-273726,-1882845937,-5395,-564672199,-8868,-13807399055,-1780767,106305934437,18666200,-26767457,-110,-475834810,-7704,0,0,-854382971,-215753,-102198391044,-18356828,-101657148,-14415,-1238304963,-22801,1410596044,48589,-1410574179,-48579,21865,10,0,0,9854223,3877,1587585,334,33702734,392772,1605784,1,35188,207,35137484,102143,25794082,36597,1007335273,157975,0,0,1115052353,693906,0,0,1333704238,44662,384199315,9948,16274288802,1577100,18014827617,1632140,1587301892,167779,23122847746,2461243,-177569815,-4935,-51948437,-15029,22893329494,2441279,4,2023,2,2023,1,03,31
2023-03-31,Defaulted Guaranteed Loans,F,Non-CFO,02,4107764106,1167,231184321,58,164092137,-813068356,-812806743,-261613,0,0,0,0,0,16239620,-7,0,0,0,0,16239620,-66971767,-54,-58680192,-37,-8291575,-17,3639240061,1120,215364771,23,0,0,36745611,8,51187357,5,37592812,0,0,12975270,20,18591588,7,3031599,5,7601520,6,6048593,3,2565875,2,178875715,17,1058573179,73,387148385,143,198117265,194,470753142,458,2344282131,928,2191551793,908,0,0,152730338,20,0,0,2344282131,928,0,0,0,0,0,0,0,0,0,0,0,0,466833,1,0,0,0,0,0,0,0,0,0,0,41713455,36,19688,1,42199977,38,2302082154,890,512746436,159,2814828590,1049,0,0,-188205857,-51,0,0,-512746436,-159,2113876297,839,-152710649,-19,0,0,-1961165648,-820,0,0,0,0,0,0,0,0,2293467686,885,512746436,159,2806214122,1044,0,0,-188205857,-51,0,0,-512746436,-159,2105261829,834,-146662056,-16,0,0,0,0,0,0,0,0,0,0,-1958599773,-818,0,0,0,0,0,0,0,0,0,0,0,0,261613,18,0,0,0,0,0,0,0,0,1036337616,229,0,0,1036599229,247,0,0,0,0,0,0,512746436,159,512746436,159,0,0,0,0,0,0,0,0,0,0,5,2023,2,2023,1,03,31
2023-03-31,Defaulted Guaranteed Loans,F,CFO,03,129393784937,13626620,15248248772,487943,2242127090,-3337423538,-3097893759,-176209229,-18602512,-41279901,-18499,-3088694,-330944,780623796,1836064,1038697381,-85284658,-198072779,-1799529,27083381,-6695953632,-116382,-6371251346,-42202,-324702286,-74180,137631407425,15273115,134244812,4,0,0,219769022,2692,358463522,2893,32060942133,0,0,71906531,156916,49614910,5302,1050573275,119885,62163721,4869,66999267,4295,528163978,61331,1459724717,147750,3832346479,402805,12274429057,1392552,7179854534,890421,24645538570,3547297,51221315039,6733423,3571762476,279513,47649552563,6453910,0,0,0,0,51221315039,6733423,520851034,2488,47632329000,6452893,48153180034,6455381,555766,9,275323,23,6310,1,0,0,2423729,4,0,0,0,0,58866,4,5541380,605,63058704,169314,1086654640,114936,1234258437,286972,49987056602,6446451,22961540644,603734,72948597246,7050185,-894282552,-33336,-26798680,-105,-218770376,-955,-7425196635,-673222,64383549003,6342567,-17871,-3,-833611506,-20366,-24956309956,-2880289,38593609670,3441909,-22898408625,-3345250,-15694807364,-96636,393681,23,49391893357,6380825,22961540644,603734,72353434001,6984559,-894187880,-33326,-26691551,-96,-218524823,-954,-6848897814,-611159,64365131933,6339024,-5702,-2,-833611508,-20366,-2371027,-57,0,0,-45497291027,-6177491,-1146299188,-34830,-1155745601,-8347,15729807880,97931,-15729434477,-97913,373403,18,415,4,2723616,2223,1636011,7449,90299818,9005,0,0,5438,8,32951196,69189,4950720,4583,82506826,12895,0,0,215074040,105356,0,0,15716914888,97393,363093034,6708,6881532722,499633,22961540644,603734,516389966,49271,1244097151,124710,-358023763,-13807,-1061092,-1003,885012296,109900,6,2023,2,2023,1,03,31
2022-12-31,Administrative Receivables,A,Non-CFO,02,19423946856,224201,14502566870,122287,44793634,-19280495570,-19273738677,-65455,0,-4294212,0,-2132087,-265139,433053369,-3722,325917327,66713032,0,0,40423010,-833093124,-11945,-87141690,-9395,-745951434,-2550,14290772035,178137,2687,26,1069059729,344,22749,63,416783,123,43668742,0,0,44709159,5531,30491594,4413,141899924,6569,268378215,6065,51345981,2727,202106883,4009,1522658025,17187,1033056258,17961,523138002,14978,49442922,855,478555472,174,4345782435,80469,2509123397,23190,1803577104,57057,29197083,156,3884851,66,4345782435,80469,644308915,1184,105878667,26237,750187582,27421,149235,7,2336703,188,0,0,0,0,379848095,227,45695,24,0,0,901181,414,50638,6,100876534,21506,299362,144,485478892,22578,3860303543,57891,14679025847,66275,18539329390,124166,-994421299,-940,-550899783,-7769,0,0,-144240805,-5238,16849767503,110219,-26241004,-122,-9192770953,-3566,-4060136999,-12668,3570618547,93863,-746444430,-968,-2819359789,-81076,4814328,11819,3606850679,51155,14679025847,66275,18285876526,117430,-994421299,-940,-549916534,-7687,-9828,-2,-138990733,-3948,16602538132,104853,-24728402,-90,-8702006172,-3334,0,0,-13673956,-2625,0,0,-1051901723,-1957,-3789776853,-14025,3020451026,82822,-3016073506,-69757,4377520,13065,0,0,160793633,228,11014949,25535,0,0,0,0,0,0,3941480,4670,179556,327,838300991,13908,124845,143,1014355454,44811,0,0,2749236522,13041,996900297,3053,8468934649,9934,14679025847,66275,52992089,14,585604850,19732,-7974911,-1417,-752795,-17981,576877144,334,1,2023,1,2022,4,12,31
2022-12-31,Administrative Receivables,A,CFO,03,107715564287,45738466,103171923397,27198431,850578296,-79338298365,-78223507158,-536098136,0,-106329428,-2968663,-19382786,-450012194,-19156114001,-3217482,-19393960608,-4117061,-127541857,-10339636,379845161,-3410706246,-1031867,-3237488859,-328454,-173217387,-703413,109832947368,35574865,383302975,2846,5331224688,6611,561978456,7852,6202323783,25222,744338090,0,0,2077519910,1329828,1026175944,450221,1108327687,1291583,636851897,1206170,467633463,1181794,567449931,1082054,1821392249,6043046,2404336128,1118460,3729095743,5262563,1836953569,1950880,3051075028,1319878,18726811549,22236477,5719470158,614904,12574993006,21616471,225874085,2572,206474300,2530,18726811549,22236477,1741800886,17088,458511304,176391,2200312190,193479,75706697,2926,952206268,992169,40871776,225,26169,1,23231494,1595,138640382,30873,3767001,306,107708611,18079,38141405,5747,3437375517,3181408,125781023,46456,4848875438,4277802,13877936111,17958675,35899952114,4033869,49777888225,21992544,-2484230055,-71287,-2394288057,-716750,-491065642,-2332,-16538546956,-3509751,27869757515,17692424,-119815734,-2154,-1307451891,-20214,-5421276273,-2631530,21021213617,15038526,-4644788077,-10723973,-12056609582,-1964194,4319815958,2350359,12842852717,15694827,35899952114,4033869,48742804831,19728696,-2451035019,-70053,-2159097185,-592707,-390990680,-139,-16141762689,-3459326,27599919258,15606471,-91822004,-2011,-1241968372,-19373,-13906050,-262,-245477411,-488068,-4439832543,-1375689,-4453276304,-104088,-2481523220,-10297660,14632113354,3319320,-12464018965,-2015055,2168094389,1304265,34692118,166,15079216,4209,265059633,960969,2545450,1541,0,0,1092938,7282,46499734,238619,63883572,113218,1553557977,1470948,17351612,2180,1999762250,2799132,1250615,13,12101825871,1188792,3881214110,675578,19984245875,2178223,35899952114,4033869,324358456,48597,1437514065,438186,-1004918873,-128249,-570689,-6211,432024503,305733,2,2023,1,2022,4,12,31
2022-12-31,Direct Loans,D,Non-CFO,02,22253934008,628,851156525,7,207178470,-727364223,-719251490,-8111566,0,-1167,0,0,0,-23091845,-1,-23093012,0,0,0,1167,-1235338,-2,-617669,-1,-617669,-1,22560577597,615,5372321051,267,0,0,161398010,24,744843172,13,2464804422,0,0,5922617,7,11474749,3,1568661,5,152294931,6,0,0,1151588,3,60663668,26,10681687,21,196695724,14,257719097,8,2880229834,70,3578402556,163,406336277,41,0,0,3172066279,122,0,0,3578402556,163,0,0,0,0,0,0,0,0,0,0,0,0,0,0,0,0,0,0,0,0,0,0,0,0,155729840,19,15531118,3,171260958,21,3407141598,142,296865958,132,3704007556,274,0,0,-157452643,-23,0,0,0,0,3546554913,251,-3008500952,-116,0,0,-227178953,-4,310875008,131,0,0,-44907241,-59,265967767,72,3405990010,139,296865958,132,3702855968,271,0,0,-157452643,-23,0,0,-250930058,-71,3294473267,177,-3007349364,-113,0,0,0,0,0,0,0,0,0,0,-227178953,-4,59944950,60,-44907241,-59,15037709,1,0,0,0,0,0,0,0,0,0,0,0,0,1167,1,0,0,183766,1,0,0,184933,2,0,0,44907241,59,0,0,251958717,73,296865958,132,600477,1,44186919,3,-44186919,-3,0,0,0,0,3,2023,1,2022,4,12,31
2022-12-31,Direct Loans,D,CFO,03,2030090376701,223991117,40519631832,5434726,4663308786,-10545965874,-8873594269,-1488256276,0,-15895253,-5213546,-8513245,-154493285,-12005390425,153369721,1599795230,1605784,-13854396091,-160132,247764784,-13600233155,-1635090,-785719419,-61064,-12814513736,-1574026,2039121727865,224665802,921858823,123,19843354474,10378,1948679718,24995,59613016244,36583,113157223827,0,0,5661969431,72634,899911758,21675,1298044570,28397,181752496,15860,107396121,9267,66767045,8007,999703856,58078,782271881,165679,44737981703,8412618,42930324548,7683039,20255483340,3145943,117921606749,19621197,9849483531,23262,108041494457,19597900,30628761,35,0,0,117921606749,19621197,408018706,13707,107598620092,19586297,108006638798,19600004,49094991,1457,6486739,1846,3650768,96,0,0,255571036,1442,170777,25,1746,33,146220,27,14858489,33998,7756313807,56596,3249933,43820,8041678255,138566,109879928494,19482631,18066457450,1632566,127946385944,21115197,-2814660339,-280950,-1927138088,-6092,-591568265,-9292,-15163819157,-1816993,107449200095,19001870,-28327791,-133,-353289861,-7123,-4932629386,-1280142,102134953057,17714472,-100922940590,-17671917,-1211986781,-42543,25686,12,109705765328,19465357,18066457450,1632566,127772222778,21097923,-2813361140,-280644,-1923280984,-4943,-587650761,-9215,-15002211092,-1804123,107445718801,18998998,-24812917,-109,-353289861,-7123,0,0,-3804605,-100,-104646968884,-18907959,-179512168,-15570,-944267556,-23625,1293062810,44512,-1293053342,-44509,9468,3,0,0,5749998,1811,949278,137,15207747,195244,1605784,1,0,0,12521735,46208,3368072,12910,355096862,35734,0,0,394499476,292045,0,0,1221675106,40609,362634860,9392,16483048844,1582341,18066457450,1632566,749643243,78593,12145401402,2454505,-106090699,-2944,-246757,-1196,12039063946,2450365,4,2023,1,2022,4,12,31
2022-12-31,Defaulted Guaranteed Loans,F,Non-CFO,02,4107764106,1167,79195327,37,70634958,-233561176,-233505507,-55669,0,0,0,0,0,7300657,-5,0,0,0,0,7300657,-40115828,-26,-34719596,-23,-5396232,-3,3991218044,1144,220310831,23,0,0,36745611,8,60197694,5,34737750,0,0,13458412,9,6050495,4,12580925,5,421495,3,379293142,4,91747516,9,58864595,9,1140761622,87,352400446,145,203194066,201,463512859,451,2722285573,927,2572669817,907,0,0,149615756,20,0,0,2722285573,927,0,0,0,0,0,0,0,0,0,0,0,0,557784,1,0,0,0,0,0,0,0,0,0,0,11058137,7,20895406,13,32511327,21,2689774246,906,575211904,144,3264986150,1050,0,0,-189986007,-53,0,0,-575211904,-144,2499788239,853,-143568413,-17,0,0,-2356219826,-836,0,0,0,0,0,0,0,0,2218733588,893,575211904,144,2793945492,1037,0,0,-183283904,-50,0,0,-575211904,-144,2035449684,843,-143558100,-16,0,0,0,0,0,0,0,0,0,0,-1891891584,-827,0,0,0,0,0,0,55669,11,0,0,0,0,0,0,0,0,0,0,0,0,0,0,536177041,248,0,0,536232710,259,0,0,0,0,0,0,575211904,144,575211904,144,0,0,0,0,0,0,0,0,0,0,5,2023,1,2022,4,12,31
2022-12-31,Defaulted Guaranteed Loans,F,CFO,03,129393784937,13626620,6811440561,261410,920843697,-1713117598,-1310048653,-344323319,-18602512,-38336518,0,-1478657,-327939,140657551,528407,278151435,0,-152325481,0,14831597,-2938880233,-27250,-2822457895,-16522,-116422338,-10728,132614728915,14303828,132621578,4,0,0,221459138,2721,353269440,2653,31326083232,0,0,53695979,161821,40370421,5776,827428513,90309,34237007,4498,65532805,4240,855061017,89815,1988382513,203804,4524790183,459810,12998804892,1361803,7368951542,875995,24557121028,3532607,53314375900,6790478,3383266255,274348,49931109645,6516130,0,0,0,0,53314375900,6790478,481905842,2454,49915465163,6515121,50397371005,6517575,1177869,21,214217,12,7493,1,0,0,1165002,3,0,0,0,0,300183,11,3250630,1321,162209382,174896,874773617,86387,955731920,262404,52358643980,6528074,20235526699,597742,72594170679,7125816,-799731048,-32846,-22358678,-112,-213250945,-957,-7770225436,-701279,63788604572,6390622,-5702,-2,-813535709,-20431,-26984717622,-2825816,35990345539,3544373,-23329577816,-3458944,-12659365547,-85365,1402176,64,51438050158,6434019,20235526699,597742,71673576857,7031761,-799393550,-32875,-22358678,-112,-213249771,-956,-6857488507,-608801,63781086351,6389017,-5702,-2,-813535709,-20399,-2371027,-57,-77798008,-616,-47559301463,-6235744,-1495340327,-36718,-1130268719,-8567,12702465396,86914,-12702044000,-86891,421396,23,320,3,1498424,1160,798685,3799,59778492,5504,0,0,65406,5,17009584,33786,2333431,2641,39804788,6435,0,0,121289130,53333,0,0,12687868835,86428,366156510,6948,7181501354,504366,20235526699,597742,250525984,23709,1681708106,190890,-74371506,-5365,-1276277,-1508,1606060323,184017,6,2023,1,2022,4,12,31
2022-09-30,Administrative Receivables,A,Non-CFO,02,15877393161,204974,55360553591,313664,175540049,-49973757084,-49784452114,-1455712,0,-23355811,0,-163829922,-663525,-443238680,-16288,-459722819,522271,0,0,15961868,-1572544181,-42751,-1062824264,-35636,-509719917,-7115,19423946856,224201,30966,39,1343068719,332,24262,64,513296,119,42649400,0,0,816594729,7378,52782801,5081,265196245,6144,287537058,4305,892897189,4080,32382456,5269,1222248369,20955,1184761332,18691,397933477,15899,18844909,794,478399606,160,5649578171,88756,3129682417,16580,2491760773,71946,22602407,159,5532574,71,5649578171,88756,644855962,1669,105672506,26077,750528468,27746,0,0,2278777,211,0,0,0,0,796625939,331,1005821,176,0,0,292747,223,1894,11,608332147,21569,12215201,120,1422110833,22908,4227467338,65848,14559857479,64973,18787324817,130821,-995349119,-932,-540622738,-7687,0,0,-146982620,-7036,17104370340,115166,-21438247,-114,-9448133887,-3427,-4032162483,-21127,3602635723,90498,-733399023,-1049,-2845082037,-68888,24154663,20561,3302187693,56499,14559857479,64973,17862045172,121472,-995349119,-932,-538026718,-7583,0,0,-133469994,-4219,16195199341,108738,-19641286,-84,-9127535959,-3222,0,0,-13189742,-2730,0,0,-1044049244,-1874,-2939520613,-19662,3051262497,81166,-3039946458,-72745,11316039,8421,0,0,317733882,594,33430677,105957,12699,19,0,0,0,0,22636991,38181,754522,1036,2134464532,83388,129345,341,2509162648,229516,0,0,2749946997,7199,970732224,2915,8454504494,9181,14559857479,64973,152451234,307,779201153,19890,-181836877,-1634,-772159,-18076,596592117,180,1,2022,4,2022,3,09,30
2022-09-30,Administrative Receivables,A,CFO,03,91584131976,38765291,295294355981,113556222,2036312223,-272485435965,-267327022471,-3006012781,-12,-509778450,-19084837,-394617301,-1228920113,-1088585869,-12919440,-2559488079,-1786602,-125986507,-38277874,1636953193,-7625214059,-2179249,-6736284255,-1002928,-888929804,-1176321,107715564287,45738466,481579403,3018,5289705801,6940,571118400,7924,6249895214,24749,1082599352,0,0,1546152898,1271249,646941339,359269,890195485,1483140,478698077,1343843,516178138,5218869,506257739,841772,1563186227,863114,2194355208,918910,3779181530,5728010,1612090178,1850258,2977061616,1270367,16710298435,21148801,5629319011,696721,10583578345,20446830,273101937,2465,224299142,2785,16710298435,21148801,1731183239,21162,463542130,175635,2194725369,196797,33568537,2158,847487011,1017302,36775,14,66288,2,36859200,1776,98606103,27554,4268652,811,75751454,52698,49496478,15747,2664731115,3484300,50427108,10437,3561987799,4457501,13148310636,16691300,35337066497,4014868,48485377133,20706168,-2432379575,-72459,-2459080824,-604957,-82487670,-318,-15357679869,-3428827,28153749195,16599607,-110595441,-1944,-1249237574,-19404,-6145381626,-8504955,20648534554,8073304,-4246646361,-3409813,-11983035424,-2366758,4418852769,2296733,12125874759,10630659,35337066497,4014868,47462941256,14645527,-2421161184,-71042,-2256697424,-476862,-78449516,-291,-14928872996,-3379266,27777760136,10718066,-110378893,-1936,-1242368745,-19279,-12025690,-243,-218447822,-108616,-4399881833,-1353914,-5009509048,-121693,-2236298176,-5396490,14548849929,3715895,-12190222175,-2402788,2358627754,1313107,790717,463,373171584,14824,767458865,2017258,30948423,6848,0,0,5888760,38921,199918225,1495366,501927813,662933,16661265448,3896295,64895415,1490,18606265250,8134398,1913530,54,11815605759,1212583,3664763359,667440,19807945885,2141690,35337066497,4014868,1276279617,283879,1418558894,445913,-931712114,-122910,-676203,-7098,486170577,316927,2,2022,4,2022,3,09,30
2022-09-30,Direct Loans,D,Non-CFO,02,22941252095,648,2057827747,59,785547607,-3788461263,-3788456652,0,0,-4611,0,0,0,258453273,-16,258440538,0,0,0,12735,-685451,-4,-35522,-3,-649929,-1,22253934008,628,5390857218,272,0,0,149062327,22,117199405,18,2497943814,0,0,18016310,12,168799,3,1115017,2,56023638,6,0,0,48374858,8,11790309,34,8642697,9,201281310,16,291549050,8,2826218921,68,3463180909,166,419295815,45,0,0,3043885094,121,0,0,3463180909,166,0,0,0,0,0,0,0,0,0,0,0,0,0,0,0,0,0,0,0,0,0,0,0,0,16749067,13,58574696,10,75323764,23,3387857145,143,261675309,127,3649532454,270,0,0,-176396453,-30,0,0,-215737747,-66,3257398254,174,-2985275906,-110,0,0,-227178953,-4,44943395,60,0,0,-44908903,-59,34492,1,3339482287,135,261675309,127,3601157596,262,0,0,-168275558,-25,0,0,-215737747,-66,3217144291,171,-2794022284,-103,0,0,0,0,0,0,0,0,0,0,-227178953,-4,195943054,64,-44908903,-59,151034151,5,0,0,0,0,0,0,0,0,0,0,0,0,1173,1,0,0,1868932,2,165947,1,2036052,4,0,0,44908903,59,0,0,1028659,2,261675309,127,223528137,71,44186919,3,-44186919,-3,0,0,0,0,3,2022,4,2022,3,09,30
2022-09-30,Direct Loans,D,CFO,03,1854362771229,216448070,269639378650,20268927,19003015845,-56925121597,-35243519947,-21128495880,0,-72463127,-53288824,-23335997,-404017822,-27902196438,382079515,-3195581816,-15144948,-24997061104,-4889641,310481071,-28087470988,-4148090,-8708827032,-1105429,-19378643956,-3042661,2030090376701,223991117,1127119003,128,19392755513,10397,2065802090,26996,58191610789,36025,111161760814,0,0,1105247106,98869,215629711,18765,215030349,16060,103927829,12706,422243675,11447,437308313,10895,1171240163,72088,942245785,179262,49596778946,9243014,41245945091,7438324,18888013373,2894762,114343610341,19996192,4875641090,29448,109443902355,19966719,24066896,25,0,0,114343610341,19996192,813782323,31012,109107115839,19958467,109920898162,19989479,42744986,1604,6777226,2069,4300452,98,0,0,210043830,1238,775395,88,3093,33,0,0,15265597,32264,1397694979,50014,3446126,59663,1639834995,146400,112703775346,19849792,18432971406,157786557,131136746752,177636349,-2858627796,-290293,-1927794342,-5457,-622894049,-9649,-16297074057,-157948506,109430356508,19382444,-30901258,-133,-469936992,-14105,-3605977951,-1004834,105323540307,18363372,-104216231692,-18325477,-1107258479,-37863,50136,32,111844223358,19827450,18432971406,157786557,130277194764,177614007,-2857753792,-289923,-1923875247,-4355,-619718467,-9597,-15454921472,-157932033,109420925786,19378099,-27868783,-115,-469936992,-14105,0,0,-30369954,-1168,-106089110570,-19267339,-201654065,-15152,-1323550162,-38264,1278435260,41956,-1273002088,-41949,5433172,7,6475965,5171,10277277,6365,2717154,791,105683032,1341538,0,0,8884,1,36969432,109711,35210253,55201,795854531,106290,0,0,993196528,1625068,0,0,1200960247,37905,421696622,10707,16836486972,157738712,18432971406,157786557,2940422578,320310,12327795036,2687572,-139541533,-3592,-246757,-1196,12188006746,2682784,4,2022,4,2022,3,09,30
2022-09-30,Defaulted Guaranteed Loans,F,Non-CFO,02,3458385081,1214,1171421679,112,285854998,-571101273,-570933895,-167378,0,0,0,0,0,160056207,-3,33372,0,0,-162445507,322468342,-396852586,-69,-356036227,-16,-40816359,-53,4107764106,1167,226433864,29,0,0,36745611,8,65526107,5,31476118,0,0,109841,3,429764847,7,90012043,6,0,0,35165804,8,24558420,4,237150801,25,1171505102,87,112138460,138,211895385,208,453465516,438,2765766219,924,2616552257,902,0,0,149213962,22,0,0,2765766219,924,0,0,0,0,0,0,0,0,0,0,0,0,24058324,1,0,0,0,0,0,0,0,0,0,0,495818093,14,10313,1,519886731,16,2245879488,908,600456180,126,2846335668,1034,0,0,-150900197,-49,0,0,-600456180,-126,2094979291,859,-149203649,-21,0,0,-1945775642,-838,0,0,0,0,0,0,0,0,2186155264,896,600456180,126,2786611444,1022,0,0,-147102291,-46,0,0,-600456180,-126,2039052973,850,-143140545,-17,0,0,0,0,0,0,0,0,0,0,-1895912428,-833,0,0,0,0,0,0,167378,34,0,0,0,0,0,0,0,0,0,0,0,0,0,0,550085943,277,0,0,550253321,311,0,0,0,0,0,0,600456180,126,600456180,126,0,0,0,0,0,0,0,0,0,0,5,2022,4,2022,3,09,30
2022-09-30,Defaulted Guaranteed Loans,F,CFO,03,120491890160,10790513,26270052026,490518,2921637808,-10720027224,-8398901473,-1435426121,-8536644,-864715408,-36194,-11521171,-890213,-272820981,2822609,-32531463,-24929234,-274544676,-6818749,66003141,-9296946852,-467864,-8210689331,-352064,-1086257521,-115800,129393784937,13626620,157197037,2,0,0,259961181,2788,341150003,2587,30799247226,0,0,81268660,165826,52353171,5864,900660623,112892,55234355,5404,57120572,5285,2829296029,85855,1877754645,279484,5425398401,319991,11265712997,1348211,6124618648,862219,23773409194,3468827,52442827295,6659858,3399212569,269115,49009106700,6390742,34508026,1,0,0,52442827295,6659858,495410910,2665,49001411053,6390156,49496821963,6392821,597331,2,37754,18,8675,1,0,0,1996585,4,0,0,0,0,100427,8,10092963,15,216384560,180792,975084275,109468,1089516809,289986,51353310486,6369872,20321982107,606903,71675292593,6976775,-756712487,-33128,-38968083,-124,-214619857,-959,-9566595592,-688936,61098396574,6253628,-34532989,-5,-1026844981,-46802,-23863027704,-2647203,36173990900,3559618,-23467865240,-3475088,-12705351286,-84501,774374,29,48466893885,6278732,20321982107,606903,68788875992,6885635,-756688656,-33121,-38968083,-124,-214619857,-959,-6688434701,-597778,61090164695,6253653,-34530769,-4,-1026844981,-46802,-2832168,-58,0,0,-44495884149,-6073078,-1639372232,-38929,-1137798287,-8583,12752902109,86199,-12752152445,-86175,749664,24,253320,696,9690296,5507,3689911,17316,237168710,20092,0,0,735512,19,33926632,62358,32397913,5615,222746156,19701,0,0,540608450,131304,0,0,12735948946,85565,381604966,7561,7204428196,513777,20321982107,606903,1125125326,104893,2102380308,202286,-494768596,-16733,-1276277,-1508,1606335435,184045,6,2022,4,2022,3,09,30
2022-06-30,Administrative Receivables,A,Non-CFO,02,15877393161,204974,38581345614,236788,122436148,-37232432791,-37049243939,-909965,0,-20413868,0,-161355817,-509202,-236525356,-23595,-255939128,-153010,0,0,19566782,-1153491508,-15041,-664152401,-9222,-489339107,-5819,15958725268,180304,2761,34,1142323595,206,147060,64,547593,66,31748169,0,0,118769579,5694,889368672,3512,54921560,5206,822520604,2443,39612673,6416,138977044,2570,611298485,14686,1038322980,13086,641884763,13192,496619175,702,575008,148,4852870543,67655,2836735009,17719,1984847494,49763,25070036,149,6218004,24,4852870543,67655,640344288,1698,105420139,26017,745764427,27715,122972,1,3207179,227,0,0,0,0,947083928,227,1091808,200,0,0,215841,84,0,0,927017690,13923,127038,39,1885580415,16855,2967290128,50800,14175880564,58536,17143170692,109336,-975528706,-921,-537620248,-6494,0,0,-145153774,-6180,15484867964,95741,-23343619,-119,-8691348276,-3223,-3170096326,-6510,3600079743,85889,-753979060,-1180,-2829107465,-70530,16993218,14179,2788700411,41814,14175880564,58536,16964580975,100350,-975523792,-920,-534784389,-6493,0,0,-133590257,-4069,15320682537,88868,-22077758,-89,-8294318728,-3029,0,0,-12174433,-1966,0,0,-1038765386,-1842,-2943155161,-4890,3010191071,77052,-3004792468,-73496,5398603,3556,0,0,215413856,1986,14711077,76177,0,0,0,0,0,0,19599244,28585,329837,750,758864560,66531,144098,293,1009062672,174322,0,0,2727207391,6735,981359015,2965,8345408721,8021,14175880564,58536,173250564,184,779031516,19733,-181613972,-1440,-772159,-18076,596645385,217,1,2022,3,2022,2,06,30
2022-06-30,Administrative Receivables,A,CFO,03,91584131976,38765291,199855808629,90121946,460023661,-185234005229,-181985554162,-1749097000,0,-528776976,-14611685,-260361564,-695603842,-3492058824,-6462045,-4490397530,534756,-137073736,-28524899,1163402585,-6268734739,-1942147,-5524301378,-850742,-744433361,-1091405,96905165474,47215304,366924578,30813,5777247636,9428,637951902,8199,6267656268,25751,748750272,0,0,1543491844,1256756,784916597,397484,974703772,760436,618133591,183659,320266660,144673,443110127,259581,1562518447,1151674,2089075418,672103,3833942149,6253085,1607444416,1745042,2903807077,1201586,16681410098,14026079,5698383906,673262,10541112363,13347149,228084408,2902,213829421,2766,16681410098,14026079,1627929232,21664,504027976,176558,2131957208,198222,12175568,2121,861631824,1064557,51050,19,342096,4,66722512,984,93744444,27897,3781526,249,85865288,55293,46684314,9646,2966375062,1616522,46806634,9699,3921245804,2598335,12760164294,11427744,34826271324,4003598,47586435618,15431342,-2442851028,-72810,-2649309437,-550644,-84196116,-333,-15102193094,-3396019,27307885943,11411536,-112836146,-2377,-1228533221,-19525,-6005526284,-4866065,19960990292,6523569,-4243599221,-2023545,-11559759412,-2237718,4157631659,2262306,11996787507,11023490,34826271324,4003598,46823058831,15027088,-2433129651,-71528,-2515364625,-441249,-81551160,-312,-14788756882,-3361845,27004256513,11152154,-112836146,-2377,-1221372537,-19381,-12377382,-243,-236595826,-117631,-4494143977,-1354453,-5117431750,-129447,-2021340786,-6031172,13788158109,3497450,-11811255985,-2264675,1976902124,1232775,834372,665,108766580,10831,537039084,1259831,21849375,4844,0,0,4837410,31508,153423228,1254372,438277845,568866,3595568533,3581299,57374591,1118,4917971018,6713334,1991812,55,11491609385,1210269,3722742353,675416,19547128126,2122762,34826271324,4003598,1088607729,277454,1386322098,438283,-943567052,-122905,-8262557,-7399,434492489,309789,2,2022,3,2022,2,06,30
2022-06-30,Direct Loans,D,Non-CFO,02,22941252095,648,1718963890,46,555173511,-2803435076,-2803431639,0,0,-3437,0,0,0,339078474,-14,339062366,0,0,0,16108,-8237255,-8,-35522,-3,-8201733,-5,22742795639,631,5757721646,273,0,0,148941798,22,115873739,18,2421591306,0,0,51976481,10,332369,4,40078226,4,9124,1,3407143,2,0,0,10420000,20,5663924,9,287191552,15,250788218,8,2798016178,68,3447883215,141,439372714,45,0,0,3008510501,96,0,0,3447883215,141,0,0,0,0,0,0,0,0,0,0,0,0,0,0,0,0,0,0,0,0,0,0,0,0,3118816,15,49206613,3,92396200,19,3355487015,122,261681268,127,3617168283,249,0,0,-210103605,-28,0,0,-215742533,-66,3191322145,155,-2919233115,-92,0,0,-227178954,-4,44910076,59,0,0,-44910076,-59,0,0,3352079872,120,261681268,127,3613761140,247,0,0,-210103585,-27,0,0,-215742533,-66,3187915022,154,-2769751091,-86,0,0,0,0,0,0,0,0,0,0,-227178954,-4,190984977,64,-44910076,-59,146074901,5,0,0,0,0,0,0,0,0,0,0,0,0,1173,1,0,0,1845512,3,0,0,1846685,4,0,0,44910076,59,0,0,216771192,68,261681268,127,7683929,4,44186919,3,-44186919,-3,0,0,0,0,3,2022,3,2022,2,06,30
2022-06-30,Direct Loans,D,CFO,03,1854362771229,216448070,215137488538,11861871,14309285751,-45972168155,-27624952880,-17826403566,0,-54929921,-47539183,-18624650,-399717955,-16442883797,293212574,-2679219071,-15144948,-14022891699,-3604174,277976095,-21724899991,-3268249,-7709928693,-1027137,-14014971298,-2241112,1999669593575,216974816,1149095563,129,19082289978,10435,2060738580,26623,57578025450,37779,111263674934,0,0,698042574,71848,511086664,21717,1044115586,37842,245590783,10176,216218792,9344,190809225,9299,1219264764,88794,427079591,214818,53733113932,9907562,39705487691,7161175,17092219309,2600481,115083028911,20133056,4505972361,31711,110556848746,20101326,18623136,18,1584668,1,115083028911,20133056,886330160,34819,109890895542,20077427,110777225702,20112246,47250651,1993,6823278,1769,4466752,88,0,0,183919408,1267,830239,112,1359,17,72388,22,13207975,33600,2284594303,66473,2653284,37165,2498835607,141583,112584193304,19991473,18695430707,1694078,131279624011,21685551,-2946984883,-299338,-1918553085,-4841,-680296290,-10475,-15662963821,-1881221,110070825932,19489676,-29539043,-140,-455185528,-14103,-5242203229,-1336510,104343898132,18138923,-103224477806,-18100543,-1119413638,-38373,6688,7,112177165287,19972830,18695430707,1694078,130872595994,21666908,-2945484481,-298863,-1915010526,-3861,-675447507,-10392,-15288861578,-1869079,110047791902,19484713,-28014817,-122,-455185528,-14103,0,0,-28314730,-1036,-106840331670,-19376659,-209974951,-15192,-1189432572,-34679,1296537634,42922,-1296536455,-42921,1179,1,2148301,5055,10923119,5114,1590516,463,83714403,1137515,0,0,7367,1,23105400,65751,31517749,43121,644469995,72187,0,0,797476850,1329207,0,0,1213357733,38428,413058266,10592,17094425275,1645826,18695430707,1694078,2012929672,214293,8350589358,1771289,-139564705,-3592,-246757,-1196,8210777896,1766501,4,2022,3,2022,2,06,30
2022-06-30,Defaulted Guaranteed Loans,F,Non-CFO,02,3458385081,1214,698498362,106,205358182,-406012917,-405896596,-116321,0,0,0,0,0,-137088244,-6,33372,0,0,-162445507,25323891,-94500877,-40,-65632880,-13,-28867997,-27,3724639587,1175,228043919,23,0,0,36745611,8,72931441,5,34231049,0,0,8017038,8,27696356,8,24431296,3,27350,1,6662421,6,116199,2,663013133,41,851724790,91,147924614,152,171957989,217,452734244,426,2354305430,955,2206582695,939,0,0,147722735,16,0,0,2354305430,955,0,0,0,0,0,0,0,0,0,0,0,0,7272969,1,0,0,0,0,0,0,0,0,0,0,128747173,19,5999921,1,60172040,20,2294133390,935,363990234,124,2658123624,1059,0,0,-136069410,-58,0,0,-363990234,-124,2158063980,877,-141722814,-15,-2016341166,-862,0,0,0,0,0,0,0,0,0,0,2287354770,927,363990234,124,2651345004,1051,0,0,-135717500,-53,0,0,-363990234,-124,2151637270,874,-135369016,-14,0,0,0,0,0,0,0,0,0,0,-2016268254,-860,0,0,0,0,0,0,116321,31,0,0,0,0,0,0,0,0,0,0,0,0,0,0,449431491,282,0,0,449547812,313,0,0,0,0,0,0,363990234,124,363990234,124,0,0,0,0,0,0,0,0,0,0,5,2022,3,2022,2,06,30
2022-06-30,Defaulted Guaranteed Loans,F,CFO,03,120491890160,10790513,19954490399,306115,2128969896,-8297551432,-6342993545,-1123435572,-8536644,-812501902,-36194,-9163130,-884445,69953006,2297069,248430338,-25432490,-199179126,-5460049,51594333,-7300544179,-372125,-6404778172,-316777,-895766007,-55348,127047207850,11261539,155489017,2,0,0,281926432,2805,342024094,2644,30724653066,0,0,85685666,170747,42944493,6801,795348458,86414,43822107,4676,54487257,4380,1534661380,164957,1934254864,196438,4689303919,484515,11971164396,1240715,7225850124,878726,23493636852,3402976,51871159516,6641345,3370562982,263995,48466088508,6377349,34508026,1,0,0,51871159516,6641345,447099845,2306,48457552042,6376760,48904651887,6379066,528489,23,172769,3,9859,1,0,0,1971080,5,0,0,0,0,42465,4,2429147,1250,222339573,185870,808304069,81769,967800724,268638,50903358792,6372707,20236095778,608907,71139454570,6981614,-762144323,-33741,-28222842,-161,-204443073,-965,-8194853901,-763249,61949790431,6183498,-34530769,-4,-997703591,-46858,-25249048792,-2659602,35668507279,3477034,-23027628796,-3392335,-12640110335,-84673,768148,26,49314210155,6203370,20236095778,608907,69550305933,6812277,-762093455,-33731,-28222842,-161,-204443073,-965,-6611017788,-593912,61944528775,6183508,-34530769,-4,-997703591,-46858,-2952265,-59,0,0,-45380821942,-6002274,-1614213875,-39179,-1223340207,-8657,12690966126,86477,-12690217461,-86455,748665,22,285212,770,7749557,4183,2827932,13336,169689318,25946,0,0,514508,16,20345318,33594,33118295,4117,183531831,13341,0,0,418061971,95303,0,0,12672106648,85803,409627569,8499,7154361561,514605,20236095778,608907,817008324,76221,708544966,60341,-477550280,-12272,-1276277,-1508,229718409,47662,6,2022,3,2022,2,06,30
2022-03-31,Administrative Receivables,A,Non-CFO,02,15877393161,204974,24628113052,179909,97096371,-25971625785,-25951093326,-1316693,0,-12650656,0,-6196178,-368932,264632937,-16244,251984498,-2696414,0,0,15344853,-1025229915,-12305,-540087134,-8960,-485142781,-3345,13870379821,70834,2741,34,865054697,318,146997,64,447118,91,25465101,0,0,81582194,4667,43446894,9016,135543153,3402,73717401,3782,33303701,2582,204081022,3479,660274981,14195,1114122327,13479,1197843063,13639,494276319,718,476066,144,4038667121,69103,2801897316,16562,1191975504,52342,44498844,145,295457,54,4038667121,69103,644892524,1823,105603249,25856,750495773,27679,30076942,6,1590114,157,0,0,0,0,216208303,165,999075,124,0,0,257157,153,7162646,9,77103079,18616,156348,151,334289642,20867,3704377479,48236,14040629426,59164,17745006905,107400,-946306891,-920,-477556305,-6451,-35405765,-4,-107460480,-6751,16178277464,93274,-41906742,-117,-9387555926,-3286,-3176330829,-6505,3572483967,83366,-742491375,-1211,-2809436263,-70188,20556329,11967,3466992756,42175,14040629426,59164,17507622182,101339,-946302254,-918,-476332256,-6378,0,0,-131710259,-3767,15953277413,90276,-39865777,-85,-8916413749,-3038,0,0,-11178955,-2802,0,0,-1029396658,-1821,-2958183622,-976,2998238652,81554,-2984546688,-72634,13691964,8920,0,0,39806741,459,9936713,51714,884,5,0,0,0,0,11669882,19161,153888,473,248068398,31778,144727,199,309781233,103789,0,0,2715414685,4805,919575259,3038,8281195111,10688,14040629426,59164,126508978,109,780073161,19913,-181760599,-1620,-772159,-18076,597540403,217,1,2022,2,2022,1,03,31
2022-03-31,Administrative Receivables,A,CFO,03,91584131976,38765291,127098638904,62184780,291278424,-118196915926,-116156427782,-1091950957,0,-306849774,-9083124,-68565320,-564038969,-4511156665,10809948,-5262059519,0,4389254,-20414750,766928350,-5111238512,-1431383,-4485596750,-607333,-625641762,-824050,91154738201,42671671,386952683,3420,5525736217,8127,572183754,8946,6850175740,29660,756587781,0,0,1400626192,1223352,633699743,349873,1002956343,448794,361626945,149427,367757091,128516,518022447,214346,1772648730,1014862,2313467071,759862,3831844921,7227550,1584355243,1714664,2841637081,1150712,16628641807,14381958,5347705521,581742,10754732991,13794478,288661324,2997,237541971,2741,16628641807,14381958,1861751561,21140,530913567,190819,2392665128,211959,12985712,2577,840861854,1000013,16205,6,192759,1,54051656,1142,100691447,24710,3814228,267,108000561,41532,51044978,9858,2357415656,1205744,34563799,11384,3398909223,2171446,13229732584,12210512,34433684765,4003327,47663417349,16213839,-2483345054,-72806,-2997567912,-610511,-94984146,-367,-14803395793,-3385488,27284124444,12144667,-167823213,-2396,-1229100865,-19482,-6224159279,-4500305,19663041087,7622484,-4291469029,-3508596,-11321933529,-1936361,4049638529,2177527,12343953046,11867650,34433684765,4003327,46777637811,15870977,-2441360248,-71330,-2858047650,-515360,-93650454,-356,-14506467811,-3343363,26878111648,11940568,-167800559,-2392,-1226168246,-19262,-11431672,-238,-246281824,-339338,-4451248775,-1346702,-5018802158,-132863,-2335781323,-6956557,13420597091,3143216,-11547026963,-1936585,1873570128,1206631,277436,354,83145470,7620,749616490,650884,9938490,3270,0,0,3413019,21866,96390058,740376,293272538,366281,2499200932,2473626,41053080,819,3776307513,4265096,2482771,54,11294334967,1210411,3724702348,678288,19343507451,2119023,34433684765,4003327,930345524,228431,1382841565,440517,-943567853,-123705,-8304988,-8132,430968724,309162,2,2022,2,2022,1,03,31
2022-03-31,Direct Loans,D,Non-CFO,02,22941252095,648,908739741,47,360784570,-2055398456,-2055396192,0,0,-2264,0,0,0,343114572,75,343104324,0,0,0,10248,-498549,-4,-35590,-3,-462959,-1,22497993973,631,5804196853,271,0,0,217462812,26,722702902,22,2467758720,0,0,2769868,7,3557828,5,7454,3,9124,1,5451992,2,0,0,3395614,5,5663924,9,419994447,19,219364487,7,2779324385,68,3439539123,126,439372714,45,0,0,3000166409,81,0,0,3439539123,126,0,0,0,0,0,0,0,0,0,0,0,0,0,0,0,0,0,0,0,0,0,0,0,0,3118816,15,3225459,1,6344274,16,3433194849,110,258101286,130,3691296135,240,0,0,-217787534,-32,0,0,-204477449,-65,3269031152,143,-2996940950,-80,0,0,-227178953,-4,44911249,59,0,0,-44911249,-59,0,0,3427742857,108,258101286,130,3685844143,238,0,0,-217787514,-31,0,0,-204477449,-65,3263579180,142,-2846057659,-74,0,0,0,0,0,0,0,0,0,0,-227178953,-4,190342568,64,-44911249,-59,145431319,5,0,0,0,0,0,0,0,0,0,0,0,0,1153,1,0,0,1271613,4,0,0,1272766,5,0,0,44911249,59,0,0,213190037,71,258101286,130,27311,1,44186919,3,-44186919,-3,0,0,0,0,3,2022,2,2022,1,03,31
2022-03-31,Direct Loans,D,CFO,03,1854362771229,216448070,160420412726,8819278,8169411833,-32067121507,-18470664022,-13361751950,0,-33942302,-34456891,-15226106,-151080236,-9653028344,175625309,-1239331162,0,-8558387164,-970552,145660534,-16786473535,-2559695,-6695913694,-915221,-10090559841,-1644474,1964445972402,213855395,1406096092,129,18769052054,10497,1968195484,25893,56613865963,40153,109177204193,0,0,710945510,95363,268932773,24698,243528016,21149,196877352,30078,218079290,37941,158592825,28784,1030097521,104457,595327233,392482,57345913038,10397306,37813386135,6859396,15995777177,2398085,114577456870,20389739,3621073158,33469,110946671474,20356256,9712238,14,0,0,114577456870,20389739,792848016,33174,110812657635,20352597,111605505651,20385771,47870274,2517,7294863,1886,6357711,142,0,0,140064330,1060,1174498,164,17042,107,50475,4,12338588,43124,245944397,42164,4931147,81965,1420283651,171288,113157173219,20218451,18721262653,1693938,131878435872,21912389,-2987411427,-304446,-2123159366,-18603,-740714194,-11369,-15428015455,-2009563,110599135430,19568408,-23905219,-155,-459197653,-14338,-5299495230,-1316221,104816537328,18237694,-103757946136,-18197600,-1058579038,-40088,12154,6,112780501104,20151726,18721262653,1693938,131501763757,21845664,-2219609710,-303834,-2112867154,-17553,-735837995,-11292,-15071245687,-1917908,111362203211,19595077,-787224244,-161,-459172149,-14336,0,0,-20047052,-796,-107455536668,-19486092,-215421178,-12001,-1154525528,-35785,1270276392,45906,-1270265215,-45901,11177,5,2181774,5567,7896403,3576,947809,400,57369948,815034,0,0,9242,1,13505505,30720,20170219,27308,486097967,54007,0,0,588178867,936613,0,0,1152330418,40032,390805746,9551,17204103133,1644444,18721262653,1693938,1199257453,125793,8437305740,1870182,-160217485,-3595,-246757,-1196,8276841498,1866277,4,2022,2,2022,1,03,31
2022-03-31,Defaulted Guaranteed Loans,F,Non-CFO,02,3458385081,1214,653929922,80,134365568,-297771135,-297659226,-111909,0,0,0,0,0,18787333,-6,33372,0,0,0,18753961,-20449486,-20,-2532353,-10,-17917133,-10,3947247283,1200,234117207,18,0,0,40705901,8,78764927,5,33157074,0,0,54446,4,49253716,12,434530,3,39810887,15,187493492,9,12058119,4,884114997,44,461430275,92,140103244,148,175438184,221,459650811,420,2409842701,972,2257528030,957,0,0,152314671,15,0,0,2409842701,972,0,0,0,0,0,0,0,0,0,0,0,0,4695847,1,0,0,0,0,0,0,0,0,0,0,78842714,32,6015019,1,89553579,34,2320289122,938,371686234,117,2691975356,1055,0,0,-153923501,-45,0,0,-371686234,-117,2166365621,893,-146299652,-14,0,0,-2020065969,-879,0,0,0,0,0,0,0,0,2120737511,925,371686234,117,2492423745,1042,0,0,-153288025,-41,0,0,-371686234,-117,1967449486,884,-146299652,-14,0,0,0,0,0,0,0,0,0,0,-1821149834,-870,0,0,0,0,0,0,111909,23,0,0,0,0,0,0,0,0,0,0,0,0,0,0,188749702,227,0,0,188861611,250,0,0,0,0,0,0,371686234,117,371686234,117,0,0,3144770,1,-3144770,-1,0,0,0,0,5,2022,2,2022,1,03,31
2022-03-31,Defaulted Guaranteed Loans,F,CFO,03,120491890160,10790513,13334154589,151065,1337868803,-6000094813,-3961852192,-1270474739,-8536644,-751907504,0,-6446953,-876781,255283775,1638576,385000296,-24997676,-135090052,-1243484,31614691,-5471110420,-279120,-4842225603,-251179,-628884817,-27941,123947992094,11039244,177077172,2,0,0,284979441,2856,362716237,2702,30775085387,0,0,74673198,174614,35417989,9258,778633323,83988,58278092,5029,58281906,7136,1479699175,164869,1942081105,187980,4478853531,479818,11858992158,1218568,7497945355,923417,23173422281,3368177,51436278113,6622854,3349065893,259263,48052704194,6363590,34508026,1,0,0,51436278113,6622854,446822645,2311,48043159932,6362983,48489982577,6365294,516567,39,184525,3,303772,2,0,0,2032901,6,0,0,0,0,27522,2,12432831,1725,209790121,190278,803186362,81162,947002602,272889,50489275511,6349965,18818785787,573345,69308061298,6923310,-769077776,-34140,-73188488,-7527,-206432030,-965,-8024261267,-741656,60235101737,6139022,-34551320,-5,-1055629484,-48610,-24144864983,-2572000,35000055950,3518407,-23589886047,-3431348,-11409260749,-87031,909154,28,48951294430,6177960,18818785787,573345,67770080217,6751305,-768998677,-34118,-72975405,-7515,-206432030,-965,-6493996368,-568434,60227677737,6140273,-34655431,-6,-1055629485,-48610,-2939859,-58,0,0,-44835864760,-5963093,-1677710082,-30917,-1154763638,-8567,11466114482,89022,-11465310759,-88999,803723,23,331370,1041,5444786,2890,1980849,9137,127571644,18676,0,0,378295,6726,10260123,12496,23936861,3262,133764087,9124,0,0,303668015,63352,0,0,11444919544,88271,471301592,9455,6902564655,475619,18818785787,573345,455800618,43680,691947245,55062,-461027215,-7002,-1276277,-1509,229643753,46551,6,2022,2,2022,1,03,31
2021-12-31,Administrative Receivables,A,Non-CFO,02,15877393161,204974,12141691770,92548,75180331,-15625392570,-15619606231,-788192,0,-4654423,0,-194987,-148737,157339125,-5704,139897256,630000,0,0,16811869,-659300962,-10319,-219368875,-8255,-439932087,-2064,11966910855,158382,2920,42,890039711,443,146969,64,277627,70,29866853,0,0,83142017,5295,42260470,3602,219379026,4957,18333358,4480,212429320,2253,55100851,3560,660521861,14076,1193978832,13291,1199939456,13227,494439045,927,471695,141,4179995931,65809,2476874317,18172,1658866128,47334,43932203,162,323283,141,4179995931,65809,644876595,1685,105538066,25990,750414661,27675,51291,6,1647666,220,0,0,247260613,255,0,0,604707,122,671,3,1875094,327,0,0,112858015,17229,324023,205,363114871,18334,3816881060,47475,13734106403,57515,17550987463,104990,-944468834,-937,-471723852,-6294,0,0,-160656160,-6886,15974138617,90873,-41523548,-117,-9312211419,-3279,-3164117731,-2887,3456285919,84590,-619852212,-881,-2813032051,-70503,23401656,13206,3549350889,41662,13734106403,57515,17283457292,99177,-944468834,-937,-469374105,-6204,0,0,-148348691,-3564,15721265662,88472,-37135801,-86,-8846948663,-3048,0,0,-11615529,-2939,0,0,-1039202950,-1912,-2779102623,8248,3007260096,88735,-2987354713,-76765,19905383,11970,0,0,12182431,266,7377940,25722,0,0,0,0,0,0,4362966,6534,62102,239,245309883,77816,50821,106,269346143,110683,0,0,2727495349,7298,597176804,2926,8069249449,7822,13734106403,57515,74761460,54,225175953,26517,-200373530,-2214,-735185,-24083,24067238,243,1,2022,1,2021,4,12,31
2021-12-31,Administrative Receivables,A,CFO,03,91584131976,38765291,65330025259,31000344,134746740,-58961114502,-57961994775,-532764538,0,-159512342,-5323600,-32007909,-269511338,-13050535353,3779525,-13431186711,-427680,0,-10395845,391474883,-3899676724,-961648,-3383128580,-352865,-516548144,-608783,81137577396,35289605,382814401,3525,5393062846,8363,648660453,9716,6735393641,31437,747260745,0,0,1914684397,1346056,681448091,343252,879367997,386284,547705884,178283,380656245,137723,636136093,574994,1634566159,731947,2473982089,1823260,3853300468,7434073,1542028837,1705058,2800334928,1093041,17344211188,15753971,5486615428,589912,11246052891,15157739,357725183,3187,253817686,3133,17344211188,15753971,1560779946,196643,508293892,177413,2069073838,374056,45291172,2870,811030229,964740,0,0,1911777,13,109849815,1424,123280273,31860,3927570,404,78607755,31684,56934507,8138,3061202355,1316560,63314059,12014,4023206369,2253875,13321004819,13500096,34201856786,4099572,47522861605,17599668,-2451470367,-74292,-3347629199,-737819,-106651962,-348,-15326358236,-3352078,26290751841,13435131,-150475174,-2452,-1178072708,-19229,-5120586519,-6913461,19841617440,6499989,-4260478290,-2757021,-11574519913,-1599133,4006619237,2143835,12304212481,12787379,34201856786,4099572,46506069267,16886951,-2440906872,-73013,-3128681879,-627626,-106101961,-345,-14974909295,-3312508,25855469260,12873459,-139401556,-2448,-1174883713,-18990,-12066903,-282,-218380241,-145743,-4422654629,-1344444,-3899408215,-224666,-2451612955,-8325273,13537061048,2811613,-11741682409,-1615680,1795378639,1195933,121551,186,55434252,3457,151927132,276746,4456819,1644,0,0,1915755,12054,36814680,220705,90343473,118265,1651484905,1295944,31058210,317,2023556777,1929318,4046986,60,11449617732,1216899,3733995430,671802,18924084618,2207055,34201856786,4099572,345217742,11361,542276734,293952,-154542912,-14793,-441061,-7142,387292761,272056,2,2022,1,2021,4,12,31
2021-12-31,Direct Loans,D,Non-CFO,02,22941252095,648,625980933,26,174417490,-1005614347,-1005613235,0,0,-1112,0,0,0,-74393,79,-75505,0,0,0,1112,-32495,-2,-22834,-1,-9661,-1,22735929283,643,5631750224,289,0,0,217758154,28,126622122,7,2368680737,42964635,1,3469757,6,5417988,3,0,0,250010,2,594266,3,6618058,7,2937259,10,4373753,7,419555540,21,238338470,9,2737779172,81,3419334273,149,443727409,46,0,0,2975606864,103,0,0,3419334273,149,0,0,0,0,0,0,0,0,0,0,0,0,0,0,0,0,0,0,0,0,0,0,0,0,3469797,9,5667958,2,9137755,11,3410196518,138,284726460,136,3694922978,274,0,0,-221791247,-39,0,0,-231101470,-71,3242030261,164,-2969938906,-101,0,0,-227178953,-4,44912402,59,0,0,-44912402,-59,0,0,3402984194,128,284726460,136,3687710654,264,0,0,-218605880,-33,0,0,-231101470,-71,3238003304,160,-2825373364,-78,0,0,0,0,0,0,0,0,0,0,-227178953,-4,185450987,78,-44912402,-59,140538585,19,0,0,0,0,0,0,0,0,0,0,0,0,1112,1,0,0,271342,1,0,0,272454,2,0,0,44912402,59,0,0,239814058,77,284726460,136,9661,1,0,0,0,0,0,0,0,0,3,2022,1,2021,4,12,31
2021-12-31,Direct Loans,D,CFO,03,1854362771229,216448070,69376299456,3486035,3898786121,-15291712747,-8204084541,-7058677017,0,-3571992,-3779483,-8822966,-12776748,-5034354450,70616361,-1154246014,0,-3896201169,-207812,16300545,-4658821581,-750594,-771894872,-83476,-3886926709,-667118,1902652968028,214434376,1525487182,131,19387370397,10680,2059276299,27765,55775179551,39299,104231757387,0,0,1157864554,121000,303817004,59867,195913752,40427,185264199,37229,386918701,30028,259452474,29243,458855712,131453,609032532,485934,61428653600,10999732,37207601090,6718983,14978271656,2222707,117171645274,20876603,3642118723,26562,113514154652,20850024,10525386,16,4846513,1,117171645274,20876603,749090840,26290,113378734542,20846560,114127825382,20872850,50545617,2487,16292136,2455,4680019,99,0,0,108768811,889,562063,68,30601,292,13806,8,17070621,91041,1685960938,54554,6729015,108350,1842859509,258523,115328785765,20618080,13669047975,963329,128997833740,21581409,-3046244749,-312351,-2113373278,-18970,-784646896,-12183,-12431015802,-1539461,110622553015,19698444,-27446076,-195,-367441039,-14402,-2678059575,-925665,107549606325,18758182,-106486682404,-18720121,-1062880328,-38040,43593,21,114682414590,20558809,13669047975,963329,128351462565,21522138,-3045156346,-311785,-2110050239,-17918,-780161917,-12107,-11808185487,-1508420,110607908576,19671908,-25452556,-167,-367441039,-14402,0,0,-18022298,-605,-107479498449,-19565623,-230764602,-15329,-1207501156,-31750,1279228476,44032,-1279196999,-44022,31477,10,2227837,5838,3416806,1480,545324,865,30020562,457626,0,0,11394,1,1489501,7015,1838554,8390,231486218,32108,0,0,271036196,513323,0,0,1156364895,37917,373142056,9292,12170751318,916918,13669047975,963329,645760305,63857,8135613494,13638837,-160186071,-5619,-317626,-1814,7975109797,13632893,4,2022,1,2021,4,12,31
2021-12-31,Defaulted Guaranteed Loans,F,Non-CFO,02,3458385081,1214,279048718,158,65862579,-186851327,-186825136,-26191,0,0,0,0,0,12135096,-8,0,0,12135096,0,0,-12851782,-6,-1135217,-1,-11716565,-5,3615728365,1227,239769145,30,0,0,41373212,8,85691309,5,29128158,0,0,43154594,23,225180739,11,12524126,6,323730890,6,30393,1,109982307,6,508000438,51,402459345,94,158534165,145,177913269,222,457924008,415,2419434274,980,2268492860,964,0,0,150941414,16,0,0,2419434274,980,0,0,0,0,0,0,0,0,0,0,0,0,37191821,1,0,0,0,0,0,0,0,0,0,0,567398528,45,0,0,604590349,46,1814843925,934,520221018,138,2335064943,1072,0,0,-157222669,-47,0,0,-520221018,-138,1657621256,887,-150941414,-16,0,0,-1506679842,-871,0,0,0,0,0,0,0,0,1704831225,927,520221018,138,2225052243,1065,0,0,-157222669,-47,0,0,-520221018,-138,1547608556,880,-150941414,-16,0,0,0,0,0,0,0,0,0,0,-1396667142,-864,0,0,0,0,0,0,26191,9,0,0,0,0,0,0,0,0,0,0,0,0,0,0,135971396,208,0,0,135997587,217,0,0,0,0,0,0,520221018,138,520221018,138,0,0,14024151,11,-14024151,-11,0,0,0,0,5,2022,1,2021,4,12,31
2021-12-31,Defaulted Guaranteed Loans,F,CFO,03,120491890160,10790513,5698218326,61721,677965721,-3372912387,-1732790093,-1091127546,-8536644,-539115333,0,-1318141,-24630,777630014,438018,866190446,-25036218,-73860407,-1764533,12100726,-1901388499,-36302,-1514546421,-20890,-386842078,-15412,122371403335,10984548,175476059,2,0,0,286136679,2883,364143572,2769,31053557362,0,0,59872417,3351,133619002,183838,839887905,107992,74100103,7412,70547031,7133,2700451532,135231,1840906848,122319,5093265259,477773,11124866651,1076672,7184429587,979923,23453018359,3726343,52574964694,6827987,3401133711,259603,49139322957,6568383,34508026,1,0,0,52574964694,6827987,469499906,2354,49126114037,6567663,49595613943,6570017,681528,60,190250,18,344067,3,0,0,5491018,6,0,0,130,5,1581407,85,14032481,3943,271441308,196454,907658724,102402,1107479427,302593,51467485267,6525394,17728376051,371002,69195861318,6896396,-798341427,-35045,-70620986,-7920,-205451243,-956,-8863343671,-651670,59258103991,6200805,-34551320,-5,-1097509297,-49003,-22214785651,-2504452,35911257723,3647345,-24476463147,-3567300,-11433832187,-80017,962389,28,48696486704,6383030,17728376051,371002,66424862755,6754032,-797366560,-34973,-70577281,-7918,-205451243,-956,-6113393802,-511738,59238073869,6198447,-34530769,-4,-1097509297,-49003,-3072371,-63,0,0,-43643139201,-6019533,-1809145436,-38970,-1160735559,-8784,11489941236,82090,-11488995749,-82065,945487,25,382578,1185,838922,1399,1017279,4716,921178,3582,0,0,291311,6725,1639988,800,17057292,2108,39739608,804,0,0,61888156,21319,0,0,11466408251,81175,474088539,9872,5787906260,279955,17728376051,371002,213059625,20467,2110846112,278295,-77969410,-4286,-479982,-1413,2032396720,273762,6,2022,1,2021,4,12,31
2021-09-30,Administrative Receivables,A,Non-CFO,02,17263207406,1403384,54928637557,435884,130612469,-54936036626,-54754307088,-2152800,0,-23292689,0,-155719081,-564968,-624498054,-60,-633838997,-1392581,0,0,10733524,-884529591,-50359,-831683400,-44822,-52846191,-5537,15877393161,204974,13370,48,1053543163,486,151298,64,405993,79,34041047,0,0,30165248,4724,223522259,2925,67970474,4218,32654376,1838,48144766,1579,65139268,2408,1077997844,11759,1038954807,10762,1217703547,11943,494497807,964,405313,100,4297155709,53220,2593292468,15176,1652639431,37693,43209637,148,8014173,203,4297155709,53220,644882814,1747,105551298,25995,750434112,27742,0,0,2114995,191,0,0,0,0,243071225,217,687843,147,0,0,397048,113,0,0,99955368,12390,256124,99,354312357,13705,3942843352,39515,13590274236,65731,17533117588,105246,-937460458,-945,-485447534,-6453,0,0,-161369409,-7273,15948840187,90575,-38390073,-118,-9156272453,-3209,-3337093965,-6543,3417083696,80705,-788033059,-3614,-2613301356,-67989,15749281,9102,3829559318,35528,13590274236,65731,17419833554,101259,-937459819,-944,-483580792,-6337,0,0,-144835871,-4300,15853957072,89678,-36265982,-89,-8814008851,-2997,0,0,-11574565,-2797,0,0,-1036284267,-1626,-3156260899,10603,2799562508,92772,-2786341842,-69062,13220666,23710,0,0,316529841,1315,26261176,107399,0,0,0,0,0,0,21897398,32264,307802,736,1660727761,56786,79616,243,2025803594,198743,0,0,2482549298,3912,994641799,6798,7996546981,11234,13590274236,65731,516817771,181,101269500,23353,-38428721,-2083,-751236,-18490,62089543,2780,1,2021,4,2021,3,09,30
2021-09-30,Administrative Receivables,A,CFO,03,86042451425,43753437,252551399400,108351387,1028850783,-227182726081,-221023259254,-1731219737,0,-267228458,-141107239,-959835724,-3060075669,-9749942370,-14877641,-11273714256,-1415,0,0,1523773301,-11105901069,-3840556,-10498755580,-2633509,-607145489,-1207047,91584132088,38765291,442923025,4920,5237800909,7114,339280830,6267,5760089045,22893,930573233,0,0,1609762775,1323760,694171190,293412,941893095,328003,453075912,158775,374033533,128653,472218953,212174,1784060637,661080,2910335439,2358657,3767069398,7120914,1707748657,1753690,2628235391,1053952,17342604980,15393070,5575570920,561865,11223238761,14824259,269043411,3981,274751888,2965,17342604980,15393070,1250782981,20431,520940391,175854,1771723372,196285,20813314,2807,196395614,27197,19266,22,138330,71,90793706,1602,87552485,22942,3964150,310,54821726,23183,56391565,8038,3364960713,2805610,52086756,12894,3698902972,2103950,13643702008,13289120,33103178282,4126991,46746880290,17416111,-2467099627,-75942,-3769259394,-7873252,-158859508,-720,-14541660638,-3275101,25810001123,6191096,-152297605,-2539,-1427975045,-19029,-5172153357,-1671793,19057575116,4497735,-4070231990,-818963,-11172600827,-1327092,3814742299,2351680,12797449522,12948293,33103178282,4126991,45900627804,17075284,-2440448696,-74477,-3553112130,-7828276,-155110081,-703,-14233371415,-3238874,25518585482,5932954,-141242165,-2448,-1425446209,-18866,-34944539,-31759,-248270218,-403113,-4339537611,-1289844,-3938993482,-266643,-2264148790,-1175386,13126002468,2744895,-11355469627,-1336942,1770532841,1407953,1536677,1553,930550837,15780,859692004,1590005,53736596,8960,12340,1,23262966,156302,111919137,269510,362982334,457945,5099236035,4783151,28388085,1323,7471317011,7284530,7477252,324,11093121183,1253338,3600457642,670231,18196050538,2199296,33103178282,4126991,947545398,232282,686060474,306384,-162849654,-15501,-733281,-7482,522477539,283496,2,2021,4,2021,3,09,30
2021-09-30,Direct Loans,D,Non-CFO,02,24386501287,709,3165759080,81,934934054,-4142965903,-4142963309,0,0,-2594,0,0,0,-692658650,51,-692672206,0,0,0,13556,-710317773,-4,-22766,-1,-710295007,-3,22941252095,648,5667196323,248,0,0,174232203,28,137070707,17,2051217881,0,0,1078250,6,348317,1,2487399,9,40,1,254888,4,104573,3,2763185,12,55712622,13,325552012,20,237046535,7,2229913312,64,2855261133,140,444147360,49,0,0,2411113773,91,0,0,2855261133,140,0,0,0,0,0,0,0,0,0,0,0,0,0,0,0,0,0,0,0,0,0,0,0,0,3906728,16,7279,1,3914006,17,2851347127,123,791289846,147,3642636973,270,0,0,-221250652,-35,0,0,-738187360,-82,2683198961,153,-2411106494,-90,0,0,-227178953,-4,44913514,59,0,0,-44913514,-59,0,0,2850987666,116,791289846,147,3642277512,263,0,0,-221021353,-31,0,0,-738187360,-82,2683068799,150,-2410976332,-87,0,0,0,0,0,0,0,0,0,0,-227178953,-4,44913514,59,-44913514,-59,0,0,0,0,0,0,0,0,0,0,0,0,0,0,1112,1,0,0,24075382,11,0,0,24076494,12,0,0,44913514,59,8188972,6,738187360,82,791289846,147,320928,1,0,0,0,0,0,0,0,0,3,2021,4,2021,3,09,30
2021-09-30,Direct Loans,D,CFO,03,1725444510539,208256286,201560814539,18884509,12047484769,-59530349102,-32494449810,-25920606259,0,-36368340,-26711689,-214252084,-837960920,-12736360957,94952676,271868448,0,-14030148828,-3379654,1025299077,-12423328559,-5704914,-4477717191,-453860,-7945611368,-5251054,1854362771229,216448070,694077298,130,18994782020,10748,1780605574,25027,55880696821,42186,105349915439,0,0,859564955,91983,482978806,46865,303916591,37506,132462583,45039,104480326,37676,62928160,44097,321009762,163978,677964401,572509,65659010474,11653920,35437082143,6398986,14001425569,2027958,118042823770,21120517,2976085071,33830,115050444754,21086675,11447432,11,4846513,1,118042823770,21120517,806792484,32842,114912707561,21083298,115719500045,21116140,38353697,2148,7756133,2103,4488752,93,3507707,47348,83400714,695,2583694,321,19555,234,3205,2,13922878,91818,1659178265,47892,2037176,30077,1778922935,221393,116263900835,20899124,13550600059,945606,129814500894,21844730,-3151871547,-323535,-4353584103,-368810,-807604595,-12588,-10097829938,-1310465,111403610711,19829332,-32615153,-217,-374060199,-14748,-2789224659,-941817,108207710700,18872550,-107147887745,-18833792,-1059615583,-38671,207372,87,116096492349,20817351,13550600059,945606,129647092408,21762957,-3150822942,-322990,-4350734027,-367687,-803705279,-12511,-9968230099,-1262872,111373600061,19796897,-28054882,-194,-374060199,-14748,-81491232870,-14457480,-69549079,-2820,-26740574980,-5229622,-253913350,-15719,-1142863085,-32244,1273351616,44070,-1273257213,-44053,94403,17,45867567,178555,214365073,6249,4757602,2798,84239356,1747552,0,0,519639,6612,9833662,29990,26522087,45320,975742335,84833,0,0,1361847321,2101909,0,0,1152787471,37995,367035013,9145,12061730679,899229,13550600059,945606,2231400510,138436,8252614462,14323397,-234018941,-5961,-317654,-1824,8018277867,14315619,4,2021,4,2021,3,09,30
2021-09-30,Defaulted Guaranteed Loans,F,Non-CFO,02,1628434876,1137,2031439000,236,244640062,-435522222,-435157401,-364821,0,0,0,0,0,10721141,12,0,0,54273591,-43552450,0,-21327776,-56,-12752707,-8,-8575069,-48,3458385081,1214,185509049,21,0,0,25639626,6,105133776,7,24266616,0,0,360488034,11,37713040,5,365480843,11,39683336,12,108700674,9,291437543,12,291430859,50,152423382,76,142998423,155,130964290,216,459105242,409,2380425666,966,2250100014,953,0,0,130325652,13,0,0,2380425666,966,0,0,0,0,0,0,0,0,0,0,0,0,48420297,2,0,0,0,0,0,0,0,0,0,0,754933678,36,11276,4,803365253,39,1577060413,927,642866413,77,2219926826,1004,0,0,-71053462,-53,0,0,-642866413,-77,1506006951,874,-130314376,-12,0,0,-1375692575,-862,0,0,0,0,0,0,0,0,1176922196,906,642866413,77,1819788609,983,0,0,-70954171,-49,0,0,-642866413,-77,1105968025,857,-130301641,-11,0,0,0,0,0,0,0,0,0,0,-975666384,-846,0,0,0,0,0,0,364821,15,0,0,0,0,0,0,0,0,0,0,0,0,0,0,224809962,242,0,0,225174783,257,0,0,0,0,0,0,642866413,77,642866413,77,0,0,14024151,11,-14024151,-11,0,0,0,0,5,2021,4,2021,3,09,30
2021-09-30,Defaulted Guaranteed Loans,F,CFO,03,114031661353,10636446,14155467573,430102,3964569020,-8098552201,-5380736207,-1371536473,-14588143,-1323404837,-4525,-8147783,-134233,-1059265356,1064129,-584400871,16484745,-917897195,-7118597,433666562,-2501990229,-222414,-2012589797,-146011,-489400432,-76403,120491890160,10790513,49603977,1,0,0,310752329,2905,262312499,2912,31805947886,0,0,69965712,112035,69464255,63797,842118689,134232,59458228,6154,58217500,3823,2692124713,79824,1811539096,141520,5075019864,635090,11110032732,1190033,7612387860,1050874,23366781790,3461387,52767110439,6878769,3302942054,254574,49414564408,6624194,49603977,1,0,0,52767110439,6878769,450215451,2347,49399965638,6623393,49850181089,6625740,3863139,35,378488,12,363032,3,102167,1718,4779112,6,0,0,20,1,210223,15,17250837,3873,64889783,202403,966210817,108456,1041006884,316218,51726103555,6562551,17766883771,373199,69492987326,6935750,-708131154,-36177,-1195370038,-187950,-164421633,-835,-7929335498,-463757,59495729003,6247031,-49630257,-5,-1134098074,-50994,-22235914322,-2527071,36076086350,3668961,-24640158304,-3588710,-11434875332,-80224,1052714,27,48975761342,6478904,17766883771,373199,66742645113,6852103,-707945393,-36155,-1195367177,-187930,-164421633,-835,-5186057156,-381327,59488853754,6245856,-49626720,-4,-1143360696,-50988,-16998739998,-2605285,0,0,-26602329353,-3459002,-2103277307,-39753,-1103823010,-8695,11487696670,82129,-11486643955,-82102,1052715,27,2330291,9857,8206647,11387,6307677,22388,21845954,2740,0,0,7391135,6754,4565884,2437,26638967,3867,272064873,6095,0,0,349351428,65525,0,0,11460229381,81271,475029212,9930,5831625178,281998,17766883771,373199,6895134325,90150,2387853592,291105,-354804284,-17075,-479982,-1413,2032569326,273783,6,2021,4,2021,3,09,30
2021-06-30,Administrative Receivables,A,Non-CFO,02,17263207406,1403384,39489021872,319514,103872078,-40736366372,-40578435593,-1431106,0,-20093800,0,-136176898,-228975,-770963075,905,-778989217,-1272581,0,0,9298723,-628019166,-47007,-591082124,-43103,-36937042,-3904,14720752743,177221,3553,44,947746681,497,153046,74,422142,82,38117122,0,0,30045549,3100,67900875,2435,59720295,3865,526897844,2168,154278910,3415,36686465,2409,511101990,10299,1147962477,10877,1492977047,14098,494409984,823,365527,97,4522346963,53586,2890208339,18010,1589600954,35216,42104796,148,432874,212,4522346963,53586,645273003,1824,105561915,26066,750834918,27890,4519,2,3458452,255,0,0,0,0,177084164,187,995213,163,0,0,154849,72,55,3,499054289,10244,448163,129,684564563,11568,3837782400,42018,13793764631,61927,17631547031,103945,-936506502,-938,-493316981,-5997,0,0,-165084861,-7022,16036638687,89988,-39819612,-119,-9387967538,-3203,-3082799723,-11788,3526051814,74878,-770643099,-1233,-2716069388,-60883,39339327,12762,3646817025,36194,13793764631,61927,17440581656,98121,-936506502,-938,-482139535,-5921,0,0,-145702029,-3963,15876233590,87299,-38311644,-90,-8997770783,-2973,0,0,-12158273,-2977,0,0,-1027707114,-1620,-2875016196,9138,2925269580,88777,-2889346020,-74074,35923560,14703,0,0,264676568,1022,12587124,42259,0,0,0,0,0,0,16117484,22784,267031,467,626143461,29938,48386,164,919840054,96634,0,0,2642809354,4960,720509617,1412,8191769133,9723,13793764631,61927,66475510,92,101274590,20818,-38420766,-2081,-751236,-18490,62102588,247,1,2021,3,2021,2,06,30
2021-06-30,Administrative Receivables,A,CFO,03,86042451425,43753437,186152138481,85866333,562274684,-165969602985,-161355203657,-638864792,-355534,-284150350,-1192578,-1007303377,-2682532697,-9904798388,-12825062,-10961148172,-1975826,0,0,1058325610,-9550403443,-3332615,-8981333924,-2334154,-569069519,-998461,87332059774,38507264,332663312,4853,5355125021,8399,218182483,6358,5774085866,24990,1215693616,0,0,1390009956,1059169,999731930,320554,807499841,366656,426601752,170666,401821919,153663,448756924,192859,1805739197,662859,2786398985,3173640,3594944807,6766666,1640389097,1619750,2594512923,982694,16896407331,15469176,5390842414,611016,11062845687,14851132,221832375,4908,220886855,2120,16896407331,15469176,1226243205,17956,538322857,182031,1764566062,199987,24268836,3981,158524374,26797,21096,26,647874,106,54800163,1003,105155252,26792,4936704,344,32615852,9920,71974976,10602,3077787151,1943437,37247557,11573,3623843479,1917045,13272563852,13552131,32625718796,4157431,45898282648,17709562,-2616457802,-83323,-3660856327,-8074507,-171073327,-806,-14302201206,-3238961,25147693986,6311965,-142508830,-2416,-1347539926,-19258,-5004335792,-1777752,18653309438,4512539,-14548403018,-3352306,-2053998880,-203849,2050907540,956384,12421985009,13205609,32625718796,4157431,45047703805,17363040,-2591791268,-82230,-3409622260,-8011009,-167395233,-774,-14015352656,-3201585,24863542388,6067442,-138459770,-2415,-1345748995,-19098,-34606255,-32164,-240121173,-140287,-4332514839,-1287789,-3875016146,-329116,-2094828675,-1505354,12802246535,2751219,-11534785052,-1339808,1267461483,1411411,5827400,1729,905813552,12359,2130165975,1258312,48175858,7076,12340,1,20939196,140752,80164064,207119,271286830,343331,3809139313,3654244,27109512,1084,7298634040,5626007,3276715,55,11146638201,1241888,3696966469,680432,17686156373,2231645,32625718796,4157431,485030598,135390,765863614,301717,-173784195,-15520,-733281,-7532,591346138,279988,2,2021,3,2021,2,06,30
2021-06-30,Direct Loans,D,Non-CFO,02,24386501287,709,2085018240,58,667945614,-2926014337,-2926012855,0,0,-1482,0,0,0,-535638837,-9,-535651281,0,0,0,12444,-355349,-12,-22766,-10,-332583,-2,23677456618,665,6733953604,259,0,0,174232203,29,211895407,18,1845684660,0,0,1277461,10,164062,3,310247,5,35,2,1218252,4,733952,3,4763148,14,52674003,10,323617766,18,366978064,14,2201526367,60,2953263357,143,556818328,52,0,0,2396445029,91,0,0,2953263357,143,0,0,0,0,0,0,0,0,0,0,0,0,0,0,0,0,0,0,0,0,0,0,0,0,1744526,19,7279,1,1751805,20,2951511552,123,699304559,144,3650816111,267,0,0,-336083821,-35,0,0,-646200221,-79,2668532069,153,-2396437750,-90,0,0,-227178953,-4,44915366,59,0,0,-44915366,-59,0,0,2949559348,116,699304559,144,3648863907,260,0,0,-334429912,-31,0,0,-646200221,-79,2668233774,150,-2396139455,-88,0,0,0,0,0,0,0,0,0,0,-227178953,-3,44915366,59,-44915366,-59,0,0,0,0,0,0,0,0,0,0,0,0,0,0,0,0,0,0,14309186,9,0,0,14309186,9,0,0,44915366,59,0,0,654389193,85,699304559,144,0,0,0,0,0,0,0,0,0,0,3,2021,3,2021,2,06,30
2021-06-30,Direct Loans,D,CFO,03,1725444510539,208256286,111723014025,10450162,8257903643,-44244549514,-23704542109,-19605829274,0,-30332437,-25731998,-211296437,-666817259,-9809417274,70494724,-374017860,0,-10448133698,-2680963,1015415247,-9342004105,-4694562,-3967042477,-388260,-5374961628,-4306302,1782029457314,211058390,1900107797,139,18974456726,10805,1802780424,24105,54867535253,41340,105063370256,0,0,513747917,108620,143081027,60969,89479993,57735,60666624,52432,77420318,59888,48174817,45831,143880876,162185,753404577,638609,70119482308,12377362,33794605827,6126510,13017066501,1840974,118761010785,21531115,1870543286,29670,116865674989,21501424,19971129,20,4821381,1,118761010785,21531115,770485320,29229,116718766387,21498044,117489251707,21527273,31097880,2348,6126139,1968,6676516,127,4045347,67252,70489424,596,1585828,238,4229,110,77075,25,15149774,127367,698355199,48913,2328896,31890,806975561,279756,117954035224,21251359,13669074964,959882,131623110188,22211241,-3222138235,-336598,-4471028380,-372567,-840244416,-13255,-9895421041,-1240435,113194278116,20248386,-47897031,-277,-378313221,-14833,-2577079020,-906617,110190988844,19326659,-108942480111,-19197545,-1248360932,-129082,147801,32,117828440089,21145640,13669074964,959882,131497515053,22105522,-3219382373,-335693,-4467499482,-371277,-835620957,-13165,-9821410662,-1210969,113153601579,20174418,-45816431,-250,-378303798,-14829,-83545091639,-14849042,-33114578,-1032,-26518339090,-5222702,-255771727,-15503,-1108446299,-26058,1268718017,45002,-1268642827,-44978,75190,24,37431003,144516,211027941,4661,4830565,2858,79483078,1268370,0,0,1535,6,7925304,23151,22477864,35485,755652607,66899,0,0,1118829897,1545946,0,0,1149261510,38914,438671857,9606,12191251606,913295,13669074964,959882,6782228286,683067,8252637765,14323398,-234042244,-5962,-317654,-1824,8018277867,14315612,4,2021,3,2021,2,06,30
2021-06-30,Defaulted Guaranteed Loans,F,Non-CFO,02,1628434876,1137,1307989261,196,175188346,-283060133,-282756569,-303564,0,0,0,0,0,38938876,-2,0,0,38938876,0,0,-17728612,-39,-12294167,-7,-5434445,-32,2849762614,1687,192340188,33,0,0,63437651,8,73936756,6,21378154,0,0,96495572,12,144486540,11,512080111,23,53405952,6,91055031,9,54417481,11,351985572,50,80962648,89,166621223,152,128706001,222,442420319,392,2122636450,977,2022089393,962,0,0,100547057,15,0,0,2122636450,977,0,0,0,0,0,0,0,0,0,0,0,0,57173817,3,0,0,0,0,0,0,0,0,0,0,749270347,47,0,0,806468175,52,1316168275,925,550012794,82,1866181069,1007,0,0,-68770723,-47,0,0,-550012794,-82,1247397552,878,-100523046,-13,0,0,-1146874506,-865,0,0,0,0,0,0,0,0,1170695763,905,550012794,82,1720708557,987,0,0,-63162328,-41,0,0,-550012794,-82,1107533435,864,-100523046,-13,0,0,0,0,0,0,0,0,0,0,-1007010389,-851,0,0,0,0,0,0,303564,53,0,0,0,0,0,0,0,0,0,0,0,0,0,0,86296975,205,0,0,86600539,258,0,0,0,0,0,0,550012794,82,550012794,82,0,0,14024151,11,-14024151,-11,0,0,0,0,5,2021,3,2021,2,06,30
2021-06-30,Defaulted Guaranteed Loans,F,CFO,03,114031661353,10636446,9539489140,112083,3164595710,-5915864974,-3694099409,-1070838825,-14588142,-1129384808,-3925,-6852283,-97582,-478321207,958651,-74865513,15376303,-830779705,-4657515,416605223,-1982901789,-189823,-1622099116,-130982,-360802673,-58841,118358658233,10755986,49603977,1,0,0,313271425,2944,226322068,2912,31708787314,0,0,72497801,206033,20439091,3639,842711819,63150,19727812,6732,61189715,6234,2623750934,47297,1750795870,121556,5127717625,637835,10862850649,1140638,7936184918,1064769,22960593753,3577286,52278459987,6875169,3264086933,257645,48964769077,6617523,49603977,1,0,0,52278459987,6875169,476849065,2367,48950266671,6616813,49427115736,6619180,1813998,70,146844,12,423976,4,339808,2219,650970,2,0,0,123142,1,639402,27,20332807,4898,143905983,231976,833388075,58617,955376523,279554,51323083464,6595615,17855290376,382276,69178373840,6977891,-690153341,-36855,-1198017873,-187911,-163801287,-826,-7929533504,-426990,59196867835,6325309,-49626720,-4,-1144580031,-51138,-22066506187,-2595114,35936154897,3679053,-24538715382,-3598242,-11396494129,-80787,945386,24,48638142815,6542084,17855290376,382276,66493433191,6924360,-688737216,-36810,-1197618516,-187865,-163838260,-834,-5257828554,-376123,59185410645,6322728,-49626720,-4,-1144570786,-51134,-17110646452,-2623182,0,0,-26116502681,-3517430,-2183006068,-39705,-1133977862,-8573,11447080076,82700,-11446135289,-82677,944787,23,1828099,7717,6242938,7978,5084255,17383,1136268911,12570,0,0,6276538,6745,3690419,2297,11180630,3661,248732140,5791,0,0,1419303930,64142,0,0,11419731673,81780,425519540,10036,5960039162,290460,17855290376,382276,8924840996,292155,2288019652,275289,-329101479,-12459,-479982,-1413,1958438191,261417,6,2021,3,2021,2,06,30
2021-03-31,Administrative Receivables,A,Non-CFO,02,17263207406,1403384,27881614567,170674,86355717,-29984865873,-29844703234,-629107,0,-8889947,0,-130434482,-209103,-388532327,-9723,-391407626,-1357581,0,0,4232880,-397083885,-31509,-374249768,-29035,-22834117,-2474,14460695605,209249,3675,48,823725037,519,145950,39,426974,87,134782337,0,0,525609678,4298,159213962,6131,62321623,3644,29814621,2412,276790433,1555,71002709,3513,704598367,11262,1064127227,13896,1977262720,16010,494498590,720,363643,93,5365603573,63534,3436920644,29363,1885737854,33826,42573103,158,371972,187,5365603573,63534,645290879,1863,105716102,26313,751006981,28176,0,0,1587646,188,0,0,0,0,149734773,222,972437,161,0,0,820205,103,514,170,618851635,15056,188064,82,776959884,16485,4588643689,47049,13303687419,56167,17892331108,103216,-946656633,-1002,-1005902366,-5806,0,0,-159654694,-6693,15780117415,89715,-40756204,-125,-9146054197,-3120,-3085853802,-1027,3507453212,85443,-757484354,-4122,-2705765846,-62670,44203012,18651,4240850547,41981,13303687419,56167,17544537966,98148,-946656632,-1002,-1004116498,-5622,0,0,-140108456,-3696,15453656380,87828,-37137642,-91,-8681742744,-2921,0,0,-11159861,-2679,0,0,-1024447609,-1714,-2778920704,13074,2920247820,93497,-2876984941,-66409,43262879,27088,0,0,183669470,651,7004056,42217,0,0,0,0,0,0,8521174,11799,91474,256,589866421,46253,26967,113,789179562,101289,0,0,2652805050,12411,684373023,3208,7752744051,7856,13303687419,56167,46540584,57,101269623,20814,-38420766,-2081,-751236,-18490,62097621,249,1,2021,2,2021,1,03,31
2021-03-31,Administrative Receivables,A,CFO,03,86042451425,43753437,124872247724,61909671,296717998,-113176310289,-110185706393,-429172028,0,-181069177,-1022999,-78942518,-2300397174,-4603336231,-6274141,-5254289382,0,0,0,650953151,-7115808537,-2616481,-6776431682,-1825275,-339376855,-791206,86315962090,42041944,276637690,3546,5196386999,9675,213423222,6424,6301152714,29475,832261101,0,0,1505070040,1178607,686365830,349639,860553278,330456,525137750,203547,487165654,146554,623996918,240468,1998827169,757597,2862841456,3850470,3584195904,6515437,1636511541,1514635,2519092335,917965,17289757875,16005375,5174420398,568100,11691688594,15430079,206547147,3928,217101736,3268,17289757875,16005375,1160647854,25851,572096592,180583,1732744446,206434,19969568,2643,646408260,862713,44800,40,21794487,23982,82968854,651,104791101,26916,4901064,539,39037428,7423,83399917,11394,2773406826,1199697,46854047,10817,3577126898,2062249,13712630977,13943126,31523029919,4085533,45235660896,18028659,-2779134990,-116470,-2914837245,-583295,-178523215,-864,-13985746136,-3245081,25377419310,14082949,-124087534,-2390,-1318814705,-19035,-5095673297,-9335226,18838843774,4726298,-4161417864,-853948,-11036692818,-1291348,3640733092,2581002,12601468405,13556104,31523029919,4085533,44124498324,17641637,-2762608521,-115324,-2667305311,-463637,-174071418,-825,-13617138407,-3201423,24903374667,13860428,-124087534,-2390,-1312733356,-18845,-40057720,-32920,-211150475,-142690,-4447878415,-1324326,-3635732363,-309537,-2388029391,-9125445,12743705413,2904275,-11322359320,-1326842,1421346093,1577433,158927,596,85545982,8753,1913316840,829546,40243047,4790,0,0,17991472,119924,46602210,133254,144134123,185951,1998830197,2462498,12446598,770,4259269396,3746082,1753397,30,10948122766,1206398,3583261395,665111,16896963776,2211072,31523029919,4085533,203045046,72186,628207321,305957,-170440594,-15506,-729431,-9239,457037296,281572,2,2021,2,2021,1,03,31
2021-03-31,Direct Loans,D,Non-CFO,02,24386501287,709,1925479289,46,377411951,-1943839036,-1943838665,0,0,-371,0,0,0,8310734,81,8299433,0,0,0,11301,-241055,-2,0,0,-241055,-2,24753623170,703,6659869406,307,0,0,839298815,26,232853260,21,2243765421,0,0,372754,8,1353880,3,748641,3,103712,1,0,0,778,1,53775660,9,9620721,6,316714361,18,367456667,14,2648437709,72,3398584883,135,554348101,44,0,0,2844202290,90,34492,1,3398584883,135,0,0,0,0,0,0,0,0,0,0,0,0,0,0,0,0,0,0,0,0,0,0,0,0,2578987,15,0,0,2578987,15,3396005896,120,192218669,137,3588224565,257,0,0,-333048516,-31,0,0,-139114331,-72,3116061718,154,-2843967399,-91,0,0,-227178953,-4,44915366,59,0,0,-44915366,-59,0,0,3396005118,119,192218669,137,3588223787,256,0,0,-333047738,-30,0,0,-139114331,-72,3116061718,154,-2843967399,-91,0,0,0,0,0,0,0,0,0,0,-227178953,-4,44915366,59,-44915366,-59,0,0,0,0,0,0,0,0,0,0,0,0,0,0,0,0,0,0,2350596,15,0,0,2350596,15,0,0,44915366,65,0,0,147303303,78,192218669,137,0,0,0,0,0,0,0,0,0,0,3,2021,2,2021,1,03,31
2021-03-31,Direct Loans,D,CFO,03,1725444510539,208256286,81667254862,7893505,5316200543,-29793746855,-15122877048,-13787596968,0,-33924912,-21245807,-208076774,-620025346,-6354559677,59338267,-36265141,0,-7263234695,-2260111,947200270,-4416752328,-4009756,-2242033603,-183688,-2174718725,-3826068,1771862907084,210826113,1957311665,139,18768359446,10874,1809313884,24806,54341884084,44344,105569079125,0,0,425655557,120361,100820881,80355,73426079,62263,34580741,52005,29196177,43989,25558153,45162,448598866,374671,2253181716,842640,72826379651,12747581,32060486167,5841310,12273072112,1695883,120550956100,21906220,1592006065,25506,118937409677,21880693,16743835,20,4796523,1,120550956100,21906220,988789453,25296,118774555217,21876931,119763344670,21902227,19005513,2437,8601031,2729,9628383,218,6213124,100696,52029720,480,22495140,282,1914264,20603,93642,48,11875782,102240,512689218,43672,6067995,42361,634483258,314984,119916472842,21591236,13166667893,904774,133083140735,22496010,-3266268427,-342417,-4555400783,-383793,-874600426,-13764,-9382495083,-1183516,115004376016,20572520,-47949932,-290,-388595263,-14966,-2247662792,-872054,112320168029,19685210,-111098780810,-19563438,-1221041546,-121630,345673,142,119861718512,21502085,13166667893,904774,133028386405,22406859,-3265326470,-341655,-4547396400,-381345,-868416638,-13638,-9349350167,-1174505,114997896730,20495716,-41819378,-248,-388319619,-14956,-85265045836,-15157366,-427727713,-5382,-26647342083,-5237048,-265607243,-15604,-684813766,-19956,1277221092,45156,-1267974299,-45059,9246793,97,28827769,102035,207980926,3183,4480045,2700,66894959,817829,0,0,1127,5,4579247,16124,29393412,23582,868562780,47575,56086868,0,1266807133,1013033,0,0,1148891560,38922,347238974,7974,9799582400,858573,13166667893,904774,8399786350,655942,8252638031,14323400,-234042499,-5962,-317665,-1826,8018277867,14315612,4,2021,2,2021,1,03,31
2021-03-31,Defaulted Guaranteed Loans,F,Non-CFO,02,1628434876,1137,643395992,165,1126535172,-1223751527,-1223513481,-238046,0,0,0,0,0,30234587,-15,0,0,30234587,0,0,-16559376,-10,-8279688,-5,-8279688,-5,2188289724,1211,205548853,25,0,0,62726330,8,82691037,9,8494853,0,0,112467739,21,134519149,21,108499094,18,49928310,11,15574006,15,200854499,10,126962448,48,55474634,89,167811896,169,194905015,220,385318132,381,1552314922,1003,1454072618,989,0,0,98242304,14,0,0,1552314922,1003,0,0,0,0,0,0,0,0,0,0,0,0,40395562,5,0,0,0,0,0,0,0,0,0,0,364956229,65,62500,1,405414292,71,1146900630,932,519799022,92,1666699652,1024,0,0,-74657480,-42,0,0,-519799022,-92,1072243150,890,-98179804,-13,0,0,-974063346,-877,0,0,0,0,0,0,0,0,930472125,907,519799022,92,1450271147,999,0,0,-71242218,-39,0,0,-519799022,-92,859229907,868,-98179804,-13,0,0,0,0,0,0,0,0,0,0,-761050103,-855,0,0,0,0,0,0,238046,40,0,0,0,0,0,0,0,0,0,0,0,0,0,0,60509187,194,0,0,60747233,234,0,0,0,0,0,0,519799022,92,519799022,92,0,0,14024151,11,-14024151,-11,0,0,0,0,5,2021,2,2021,1,03,31
2021-03-31,Defaulted Guaranteed Loans,F,CFO,03,114031661353,10636446,7282108182,71234,2114625166,-3868441801,-2220455558,-1615588524,-14588143,-13369351,-2725,-4361993,-75507,-195645558,734394,-49679646,14973892,-533500306,-2279405,374839907,-1088305371,-107770,-878646568,-65147,-209658803,-42623,118276001971,10747525,32626270,1,0,0,300519212,2994,223204427,2946,15660894147,0,0,41005536,159965,45372370,44430,901039556,64089,36941561,4111,41422359,4346,2810079015,56174,1792040155,417670,5576658334,507214,11498835103,1254021,8530247435,1111595,22828852033,3346650,54102493457,6970265,3210580348,235770,50859286839,6734494,32626270,1,0,0,54102493457,6970265,436501039,2357,50844219176,6733556,51280720215,6735913,5798060,115,342394,33,423451,3,174727,3335,3786300,18,0,0,185105,666,241518,11,16854043,3546,150217665,204218,876020840,60806,1024359023,272595,53078134434,6697670,17732984484,368572,70811118918,7066242,-689812900,-37383,-1226211539,-192611,-169232652,-831,-7985430999,-411227,60740430828,6424190,-32666908,-5,-1157570870,-51461,-23241575412,-2659242,36308617638,3713482,-24962124193,-3632494,-11345548761,-80966,944684,22,50226633060,6637150,17732984484,368572,67959617544,7005722,-687046563,-37297,-1225499796,-192536,-169232652,-831,-5150386032,-353884,60727452501,6421174,-32649013,-4,-1157570870,-51461,-17257691073,-2649623,0,0,-27571792776,-3588994,-2245477687,-39834,-1067616688,-8381,11394654394,82877,-11393709709,-82855,944685,22,1160050,5323,4215740,6314,3089657,10195,936957223,9408,0,0,5560817,6736,3135418,2138,7707195,2995,683797837,9274,0,0,1645623937,52383,0,0,11370887223,81921,467104149,10125,5894992113,276526,17732984484,368572,8961084808,293403,2185158942,275278,-150893504,-1261,-479982,-1414,2033785456,272603,6,2021,2,2021,1,03,31
2020-12-31,Administrative Receivables,A,Non-CFO,02,17263207406,1403384,13963885751,95061,53621683,-18258605057,-18253949295,-663411,0,-3748676,0,-125066,-118609,-152748134,-6506,-153176468,-1447581,0,0,1875915,-278472829,-20579,-277315415,-19681,-1157414,-898,12590888820,173263,167819,55,833415958,575,148959,55,371040,80,39340511,0,0,34116865,1441,289671958,859,86030365,3222,35199911,2527,22797166,388,59139159,5908,1012246538,11271,982598332,12190,1673916497,12739,494502261,786,405914,92,4690624966,51423,3231190258,24520,1419109220,26544,39901279,158,424209,201,4690624966,51423,631037016,598,82132724,1320,713169740,1918,0,0,3328813,608,0,0,0,0,121684408,201,4902828,232,0,0,1596734,205,2,1,313772036,6623,949135,123,445019099,8049,4245605867,43374,13286754003,64352,17532359870,107726,-946082352,-982,-474757123,-5320,0,0,-148205344,-6469,15963315051,94955,-37422480,-125,-9701299056,-3172,-2837216071,2443,3387377444,94101,-556671695,-10722,-2773447231,-71031,57258518,12348,4163669542,37078,13286754003,64352,17450423545,101430,-946082352,-982,-473741185,-5306,0,0,-123975715,-3527,15906624293,91615,-35978104,-93,-9412115281,-3008,0,0,-11372209,-2658,0,0,-1052777432,-2405,-2380353869,-3146,3014027398,80305,-2961821587,-71656,52205811,8649,0,0,42471141,271,4285596,25115,0,0,0,0,0,0,3417424,4751,23196,89,588783506,64078,13150,85,638994013,94389,0,0,2711749241,11736,853950758,8288,7812912047,7992,13286754003,64352,362869,38,137962773,20289,-33234030,-1425,-752833,-18624,103975910,240,1,2021,1,2020,4,12,31
2020-12-31,Administrative Receivables,A,CFO,03,86042451425,43753437,62965120710,29872676,171434997,-57302463320,-54449082059,-209462364,-7486,-56611064,0,-66090108,-2521210239,-9854700838,-1989030,-10082847186,-2488122,0,0,230634470,-4278108386,-1713838,-4063197050,-1119905,-214911336,-593933,77743734588,37445111,298978264,4974,5489680468,7449,480167849,9012,6287175826,14338,1150780769,0,0,1486943880,1223104,802804748,332141,1036152449,430216,721278572,195709,449837773,142263,535515483,210302,2384496348,1702147,2761106638,3719552,3926271547,6266725,1802551877,1541447,2996073280,1024347,18903032595,16787953,5381263493,655604,12753240459,16125139,221508740,4041,547019903,3169,18903032595,16787953,1599996981,25558,721734971,185327,2321731952,210885,70581948,15227,565797436,822050,65859,33,476010,193,74489950,1298,103999188,30640,7019258,1021,57554517,4579,210207838,29520,3176562080,1351134,40746526,8723,4047179649,2181170,14855852946,14606783,30289604088,4046534,45145457034,18653317,-2740628224,-131406,-2774592166,-487755,-188737706,-948,-13929670834,-3387631,25511828104,14645577,-136448183,-2672,-1152696449,-18881,-4905648153,-9924300,19317035319,4699724,-4407736177,-879221,-11233567239,-1335661,3675731903,2484842,13870499690,14254218,30289604088,4046534,44160103778,18300752,-2705351016,-130196,-2531005176,-372200,-183896663,-902,-13610665383,-3335567,25129185540,14461887,-136408750,-2580,-1143560343,-18796,-37228947,-33242,-457449135,-1316979,-4963615726,-1456732,-3401777900,-330305,-2284307733,-8547990,12704837006,2755263,-11498101859,-1370633,1206735147,1384630,70502,237,85099312,4253,216871863,469258,34191945,2312,0,0,10018434,70521,22096160,62132,194649513,255273,1143213329,1124244,8157049,460,1714368107,1988690,268510,11,11050197947,1241922,3474811901,643641,15671408884,2158875,30289604088,4046534,90387581,38981,845176190,397541,-312506666,-18552,-1319347,-5469,531350177,373801,2,2021,1,2020,4,12,31
2020-12-31,Direct Loans,D,Non-CFO,02,24386501287,709,1053846799,59,186678947,-1036366158,-1036366158,0,0,0,0,0,0,-4569685,174,-4574180,0,0,0,4495,-188518,-2,0,0,-188518,-2,24585902672,691,7878348460,308,0,0,834823308,29,309051576,18,2193365694,0,0,4591639,11,4019462,6,440420,7,835478,4,2745396,2,1575010,2,175194232,7,70819070,9,248339467,15,367182028,14,2641823148,72,3517565350,149,679799197,50,0,0,2837766153,99,0,0,3517565350,149,0,0,0,0,0,0,0,0,0,0,0,0,0,0,0,0,0,0,0,0,0,0,0,0,9242592,20,0,0,9886999,28,3507678351,121,192302677,134,3699981028,255,0,0,-328335388,-31,0,0,-139196873,-69,3232448767,155,-2837121746,-91,0,0,-350707419,-7,44619602,57,0,0,-44619602,-57,0,0,3503357945,117,192302677,134,3695660622,251,0,0,-324298188,-28,0,0,-139196873,-69,3232165561,154,-2836838539,-91,0,0,0,0,0,0,0,0,-297230,-2,-350410190,-4,44619602,57,-44619602,-57,0,0,0,0,0,0,0,0,0,0,0,0,0,0,0,0,0,0,2757691,12,0,0,2757691,12,0,0,44619602,57,0,0,147683075,77,192302677,134,73346,1,0,0,0,0,0,0,0,0,3,2021,1,2020,4,12,31
2020-12-31,Direct Loans,D,CFO,03,1725444510539,208256286,30998439475,3185865,2653428500,-13994468179,-6560104721,-7406466330,0,-9238491,-15579802,-2363657,-715178,-2608305043,34317106,468273188,0,-3538724375,-1152768,463298912,-2708261304,-2976463,-1526304976,-106590,-1181956328,-2869873,1739785343988,209527947,2637173780,142,18452221976,10944,1832212325,26747,53635081072,41223,104332077973,0,0,72978965,131817,52310630,75166,36119402,70512,32685135,75459,28482007,67581,25556770,57073,722835030,484700,8478742741,1765732,71057897184,12496754,29943069563,5495097,11459350101,1546061,121910027528,22265952,1333554304,20825,120554879511,22245107,16821776,19,4771937,1,121910027528,22265952,652695815,20299,120397790608,22241419,121050486423,22261718,8885850,2944,8945410,5545,6951216,219,10540458,184806,47606522,515,9013035,113,3350269,37451,1881,1,6350199,14859,128037064,38219,6833800,68957,194094132,352954,121715933396,21912998,13418763713,935917,135134697109,22848915,-3542892289,-354170,-4577973585,-384757,-906744960,-14208,-9581832922,-1291132,116525253353,20804648,-45776782,-271,-402190720,-15124,-2410029600,-918656,113667256251,19870597,-112598893161,-19831112,-1067943394,-39295,419696,190,121661894619,21788344,13418763713,935917,135080658332,22724261,-3541775244,-353117,-4571029897,-382233,-879781859,-13957,-9554249431,-1235459,116533821901,20739495,-39418437,-212,-390448101,-14997,-86835137826,-15445197,-441989555,-5571,-26582709437,-5191819,-264707284,-15594,-674416859,-19818,1304994402,46287,-1304782746,-46176,211656,111,11051253,43036,2353972,1511,3554287,2352,29083947,381454,0,0,939,2,2029649,8209,8971161,7908,270520510,29831,56246807,0,383812525,474303,0,0,1164964690,39256,357355771,8291,11941354697,889210,13418763713,935917,6014033958,603273,10249329869,21551016,-170811765,-9554,-859450,-5030,10077658654,21536432,4,2021,1,2020,4,12,31
2020-12-31,Defaulted Guaranteed Loans,F,Non-CFO,02,1628434876,1137,496100747,129,252830290,-280307408,-280262818,-44590,0,0,0,0,0,21613336,-14,0,0,21613336,0,0,-2180130,-1,-2180130,-1,0,0,2116491711,1231,211193101,25,0,0,62726330,8,88857259,9,8954737,0,0,199348285,36,114349406,25,207855853,16,86601718,5,956933,9,4851904,9,38903383,48,50452184,75,181438738,185,181132324,217,371541761,365,1437432489,990,1339712158,977,0,0,97720331,13,0,0,1437432489,990,0,0,0,0,0,0,0,0,0,0,0,0,66209428,7,0,0,0,0,0,0,0,0,0,0,541945834,75,0,0,608155262,82,829277227,908,541497802,82,1370775029,990,0,0,-55053284,-42,0,0,-541497802,-82,774223943,866,-97720331,-13,0,0,-676503612,-853,0,0,0,0,0,0,0,0,823468390,890,541497802,82,1364966192,972,0,0,-55016461,-41,0,0,-541497802,-82,768451929,849,-97720331,-13,0,0,0,0,0,0,0,0,0,0,-670731598,-836,0,0,0,0,0,0,44590,22,0,0,0,0,0,0,0,0,0,0,0,0,0,0,11157086,185,0,0,11201676,207,0,0,0,0,0,0,541497802,82,541497802,82,0,0,14024151,11,-14024151,-11,0,0,0,0,5,2021,1,2020,4,12,31
2020-12-31,Defaulted Guaranteed Loans,F,CFO,03,114031661353,10636446,3276525314,46451,1111025771,-2094628487,-1107767269,-963955144,-14588143,-5510825,-1800,-2757420,-47886,-83218036,434574,-96252178,16018656,-186634544,-868131,184518161,-655300002,-65436,-547648008,-41268,-107651994,-24168,115586065913,10824452,32626270,1,0,0,270581318,3065,223014970,2909,30592799852,0,0,82439679,154505,52654064,51748,895495997,77832,78008902,5502,40079379,4203,2821540312,81936,1814553786,441641,5751726172,362539,11434511701,979386,8825042077,1196481,22387312647,3730244,54183364716,7086017,3089263766,233065,51061474680,6852951,32626270,1,0,0,54183364716,7086017,421216082,2333,51025882551,6851701,51447098633,6854034,5495481,146,661562,84,426193,3,304475,6207,1877242,13,0,0,228859,1164,0,0,22960841,286,221305744,207547,920948763,74457,1108598642,289587,53074766074,6796430,17801766778,385914,70876532852,7182344,-709099443,-38137,-1234861559,-192729,-163544494,-818,-8004009401,-449944,60765017955,6500716,-38570559,-43,-1141338837,-51398,-23461420926,-2742928,36123687633,3706347,-24813175779,-3625289,-11309559707,-81034,952147,24,50213146383,6710291,17801766778,385914,68014913161,7096205,-708368365,-38091,-1234575865,-192687,-163544494,-818,-5149546443,-365950,60758877994,6498659,-37963311,-38,-1141330023,-51396,-17330557524,-2663395,0,0,-27632200554,-3652695,-2189647623,-39301,-1066140516,-8692,11361038443,83142,-11360093760,-83120,944683,22,579131,2115,2624523,2832,1906467,6235,619911182,5595,0,0,4370062,6724,2371181,1991,2269592,2436,100497676,3305,0,0,734529814,31233,0,0,11338566140,82237,464518095,9894,5998682543,293790,17801766778,385914,6928948844,237087,1815673721,382719,-120794420,-5551,-938518,-1586,1693940783,375582,6,2021,1,2020,4,12,31
2020-09-30,Administrative Receivables,A,Non-CFO,02,16352368543,1115122,59178192504,543794,99656433,-55583294078,-50696334762,-186170,0,-32381493,0,-4853852380,-539273,-1540560519,9562,-1546165346,1591390,0,0,4013437,-1243155477,-74097,-888404755,-40827,-354750722,-33270,17263207406,1403384,882307723,267,978916479,539,148590,31,1158914,87,40849655,0,0,668099606,5645,29016886,2275,92229949,3648,77671926,1450,58382203,1293,446959874,2248,628883741,8629,1102206236,5470,1185953489,11090,495415599,505,1823296,683,4786642805,42936,3190962073,17500,1554187844,25023,40844687,187,648201,226,4786642805,42936,644366944,1627,105915114,26302,750282058,27929,7638,1,788975,109,0,0,0,0,138324314,167,7947080,119,0,0,67615,61,23162,26,697018035,11634,40059,67,867018367,13018,3919624438,29918,12857414573,63397,16777039011,93315,-947030463,-971,-341481869,-5211,0,0,-146222088,-6632,15342304591,80501,-38807472,-152,-9184652282,-3101,-2831523066,-10046,3287321771,67202,-567451706,-1747,-2683973984,-56399,35896081,9056,3414282361,26377,12857414573,63397,16271696934,89774,-947030463,-970,-335217057,-5170,0,0,-124828517,-3631,14864620897,80003,-37734447,-118,-8468520851,-2856,0,0,-11736385,-2993,0,0,-1039024130,-6407,-2437511791,-5733,2870093293,61896,-2843915936,-59496,26177357,2400,0,0,5409647291,965,17676547,124373,0,0,0,0,0,0,31501910,34100,401107,267,407311087,52017,51946,177,5866589888,211899,0,0,2586225331,6396,655872762,2706,7751531486,8242,12857414573,63397,461909560,408,280285671,40322,-34172258,-2669,-971754,-37204,245141659,473,1,2020,4,2020,3,09,30
2020-09-30,Administrative Receivables,A,CFO,03,91597700757,48005208,176004659999,111163729,2640869292,-151490603389,-145267245933,-3338921732,0,-507370919,0,-284679705,-2092385100,-27451888928,-220218104,-27928907950,-15973,0,0,477034995,-5258286306,-2862188,-4661889770,-1605499,-596396536,-1256689,86042451425,43753437,380819624,5070,5458273691,7351,481227011,8735,6256948006,11981,1166265070,0,0,1393770970,1048530,611799114,276343,776797786,320940,490048934,151374,472393892,138715,710814484,292498,2298581316,2689044,3153193286,3512698,5144489233,6027092,2115031765,1611048,3135459019,1092683,20302379799,17160965,5269678055,499813,14244609386,16654068,277567397,4026,510524961,3058,20302379799,17160965,1611662609,26686,736615155,189066,2348277764,215752,33766786,2741,557257866,761726,54536,24,1171672,201,93510088,3263,42097377,22934,5776978,445,38189720,4247,160035859,14134,2474100281,1086633,38926192,8701,3272416804,1797187,17029962995,15363778,28811363765,3910714,45841326760,19274492,-2729698601,-139551,-2652148318,-457466,-170301611,-823,-13359466975,-3723656,26929711255,14952996,-182903850,-2609,-1174838152,-18742,-5384206675,-10316221,20187762578,4615424,-4442362293,-901827,-11478000814,-1395756,4267399471,2317841,15846754619,14932565,28811363765,3910714,44658118384,18843279,-2706848158,-136696,-2355505668,-344749,-168197815,-802,-12934622322,-3671950,26492944421,14689082,-182423355,-2584,-1171809848,-18592,-36432760,-34498,-418310520,-328782,-5447411926,-1652141,-3852201370,-316185,-2417051777,-9941744,12967302865,2394556,-11836494381,-1431746,1130808484,962810,2034483,4683,186240288,10160,1152028411,3183708,23329147,10418,0,0,20390712,145070,163550553,1310397,482822081,586931,4726938439,4014997,25587060,1538,6782921174,9267902,26591870,13338,11370654112,1288562,2914046690,528545,14408023871,2078242,28811363765,3910714,249037093,99276,1006547836,404600,-466230579,-19061,-1252870,-6509,539064387,379678,2,2020,4,2020,3,09,30
2020-09-30,Direct Loans,D,Non-CFO,02,24888582530,353,3142936631,371,1033590099,-4674777533,-4674777533,0,0,0,0,0,0,-3186089,70,-1532395,-1680541,0,0,26847,-644351,-1,0,0,-644351,-1,24386501287,709,8027625657,331,0,0,830123830,26,328031837,23,2946655784,0,0,1123266,8,12272340,3,188540,3,120690787,3,25156343,3,9989709,3,31469317,8,165447556,8,289417071,17,208537625,6,3386524093,72,4250816647,134,668434275,41,0,0,3582382372,93,0,0,4250816647,134,0,0,0,0,0,0,0,0,0,0,0,0,0,0,0,0,0,0,0,0,0,0,0,0,134274933,17,0,0,134274933,17,4116541714,117,192302829,133,4308844543,250,0,0,-319208663,-26,0,0,-139197025,-68,3850438855,156,-3572537731,-91,0,0,-233705677,-10,44195447,55,0,0,-44160955,-54,34492,1,4081395662,111,192302829,133,4273698491,244,0,0,-317881212,-24,0,0,-139197025,-68,3816620254,152,-3535103459,-87,0,0,0,0,0,0,0,0,-755877,-5,-232949800,-5,47811118,55,-44160955,-54,3650163,1,0,0,0,0,0,0,0,0,0,0,0,0,0,0,0,0,3997604,15,0,0,3997604,15,0,0,44160955,54,0,0,8944849,11,192302829,133,644351,1,0,0,0,0,0,0,0,0,3,2020,4,2020,3,09,30
2020-09-30,Direct Loans,D,CFO,03,1482480575390,196992380,323367016510,24434210,36047557387,-87638595452,-31272993478,-52621575923,0,-619348784,-105525401,-46450812,-2972701054,-17792631994,250261375,1479174421,20000000,-21448461340,-7559256,2164214181,-11019411302,-56631057,-4902155763,-528606,-6117255539,-56102451,1725444510539,208256286,2723576705,150,18312865406,10966,1725508594,25374,52929059597,41253,105613249901,0,0,82229484,183613,39986561,127072,37502708,98982,44712834,123349,52371305,186956,68061488,267224,318039390,379469,15286471759,2804420,69008483338,12183923,27233128845,5038548,11083911091,1453000,123254898803,22846556,934562881,25277,122304569894,22821267,11019223,11,4746805,1,123254898803,22846556,688117500,24952,122127108394,22817530,122815225894,22842482,8674731,3685,11986522,7477,5547049,174,5222475,126994,22555308,220,13132924,165,1262691,29341,22560,2,20853267,272988,113617044,40289,5017613,52203,204431587,533016,123050467216,22313540,13670640665,966919,136721107881,23280459,-2666274903,-366519,-5086189264,-383422,-990046296,-15647,-9808451569,-1482909,118170145849,21031962,-37291505,-231,-406603081,-15213,-914780379,-24735,116811470884,20991783,-114627996863,-20629433,-1067195063,-39288,1116278958,323062,122930034423,21859360,13670640665,966919,136600675088,22826279,-3197864535,-363461,-4537127089,-375364,-947707154,-15258,-9764031875,-1279456,118153944435,20792740,-24017340,-149,-395445789,-15105,-91463800326,-16445130,-643987934,-8103,-23504438957,-4244974,-274785477,-15838,-539355985,-17261,1308112627,46180,-1299866920,-46124,8245707,56,370526089,1229985,26175594,14238,11357467,4620,3635761704,46295532,0,0,646346521,5002773,35570678,101662,370270742,1102812,825674455,126867,56246807,3,5977930057,53878492,0,0,1159261703,39234,436866565,10216,29336375984,920297,13670640665,966919,98434840,12824,10262595702,21551449,-184068681,-9986,-859451,-5032,10077667570,21536431,4,2020,4,2020,3,09,30
2020-09-30,Defaulted Guaranteed Loans,F,Non-CFO,02,1341550487,1099,562315208,229,339514864,-476841908,-476296286,-545622,0,0,0,0,0,13322434,-5,0,-735637,14058071,0,0,-151426209,-114,-139678618,-97,-11747591,-17,1628434876,1137,218993270,25,0,0,62287235,8,97096521,12,7618670,0,0,174238380,34,50491618,17,18273929,14,15782619,12,7249456,6,6853962,8,27119145,40,50852575,70,193985644,194,113332744,218,421279781,347,1079459853,960,984642192,947,0,0,94817661,13,0,0,1079459853,960,0,0,0,0,0,0,0,0,0,0,0,0,40091638,11,0,0,0,0,0,0,0,0,0,0,218694908,66,0,0,258786546,77,820673307,883,541497802,77,1362171109,960,0,0,-69114313,-42,0,0,-541497802,-77,751558994,841,-26202870,-8,0,0,-656741333,-828,68614791,5,0,0,0,0,68614791,5,806569889,869,541497802,77,1348067691,946,0,0,-69114313,-42,0,0,-541497802,-77,737455576,827,-92056172,-12,0,0,0,0,0,0,0,0,0,0,-645399404,-815,0,0,0,0,0,0,545622,93,0,0,0,0,0,0,0,0,0,0,0,0,0,0,150060513,98,0,0,150606135,191,0,0,0,0,0,0,0,0,541497802,77,541497802,77,14024151,11,-14024151,-11,0,0,0,0,5,2020,4,2020,3,09,30
2020-09-30,Defaulted Guaranteed Loans,F,CFO,03,106268986847,10481499,15771283048,139007,5656627207,-8462595326,-3588190231,-4096295183,-91781957,-559562166,-21205,-23464331,-103280253,-1654088524,2670493,-817677719,36289896,-1685084477,-4856816,817240592,-3548551899,-436773,-2707885017,-193278,-840666882,-243495,114031661353,10636446,16095491,1,0,0,270850416,3085,224864022,3088,29940962739,0,0,111876282,212846,22651454,5646,874013151,104043,36082082,6293,38324616,6926,2785144927,329665,1967554097,193981,5708502789,583999,11275940165,1260660,9225099877,1200948,21859692652,3259827,53904882092,7164834,3090990153,237768,50797796448,6927065,16095491,1,0,0,53904882092,7164834,414535054,2361,50783946373,6926312,51198481427,6928673,2979167,140,90442,3,426193,3,106609,3200,5150674,7,0,0,164404,869,0,0,18487854,7936,170834204,216760,876434290,100033,1044622969,328828,52860259123,6836006,18572607870,399335,71432866993,7235341,-1091814080,-43533,-1450533037,-193454,-175959781,-931,-8408498322,-701059,60306061773,6296364,-30182,-3,-1097136423,-51607,-2556265082,-38322,56652630086,6206432,-24821136551,-3653672,-11268380358,-81241,20563113177,2471519,50036789580,6499415,18572607870,399335,68609397450,6898750,-1091521377,-43478,-1450019954,-193342,-175959781,-931,-5594209294,-372011,60297687044,6288988,-7956,-1,-1097136423,-51607,-17739154743,-2731949,0,0,-26983080966,-3374022,-2284371690,-39330,-870125001,-8559,11323810265,83520,-11323050170,-83502,760095,18,14710351,48981,19091176,26721,7829065,28923,2723123473,164290,12400000,1,263406875,405193,35907778,63080,512437823,345183,580520772,34250,0,0,4169427313,1116622,0,0,11294737549,82379,463438839,9915,6814431483,307041,18572607870,399335,99000725,11707,1922948411,383125,-207120979,-2010,-40144,-1432,1715787288,379903,6,2020,4,2020,3,09,30
2020-06-30,Administrative Receivables,A,Non-CFO,02,16352368543,1115122,35186367990,388488,130094609,-33102555044,-28224801135,-7139,0,-26955294,0,-4850527393,-264083,-1312141042,-9769,-1317767376,1661017,0,0,3965317,-1024219014,-60713,-683333783,-39023,-340885231,-21690,16229916042,1272671,1006497747,254,897415800,537,134649,54,1048426,115,61633301,0,0,91352562,3444,63057785,2521,461351099,2590,146304308,1962,63277700,4137,296068250,1641,479317589,12215,911811661,7657,1180482508,10586,522337269,466,2118113,795,4217478844,48014,2628702222,18287,1552731652,29359,35589961,189,455009,179,4217478844,48014,644375164,1699,106334745,26494,750709909,28193,6500,1,571713,83,0,0,0,0,394749426,249,509389,141,0,0,1088678,96,2623,11,364224519,9714,492535,58,762065754,10517,3455413090,37497,13287975703,70042,16743388793,107539,-947711627,-941,-339657163,-5588,0,0,-145696293,-6152,15310323710,94858,-33747490,-150,-8885533613,-3031,-2911008675,-5761,3480033932,85916,-726568464,-16822,-2712846478,-56037,40618990,13057,3096067140,31719,13287975703,70042,16384042843,101761,-947673006,-941,-338895125,-5494,0,0,-127690461,-4091,14969784251,91235,-32828825,-118,-8288414501,-2759,0,0,-15434625,-2825,-4885,-4,-1328989744,-9648,-2392245820,-4970,2911865851,70911,-2879725567,-64272,32140284,6639,0,0,5385688529,598,12437560,94242,0,0,0,0,0,0,26661686,28602,383802,179,255632432,34750,51034,166,5680855043,158537,0,0,2727640829,3951,672420240,2991,7725529411,4708,13287975703,70042,206141749,257,280285673,40314,-34172258,-2669,-971756,-37204,245141659,441,1,2020,3,2020,2,06,30
2020-06-30,Administrative Receivables,A,CFO,03,91597700757,48005208,138419004314,85516275,1883652824,-122072015413,-117486938989,-2157598465,-1458,-452799620,0,-346825343,-1627851538,-20489084490,-6521924,-20849241991,-3255,0,0,360160756,-2694403463,-2438686,-2182533493,-1243202,-511869970,-1195484,86644854529,39421918,357500454,3800,4926386453,6615,342059036,8813,6157788390,15860,1083415413,36569,0,1178794249,983590,726674491,313927,1085282951,480227,623816638,283597,499550943,587585,649615749,627175,2552983388,2660169,3370017992,3340491,5769113537,5753946,2195940469,1587957,3028617809,1041503,21680408216,17660167,5273092250,545829,15705903147,17108226,260824872,3216,440587947,2896,21680408216,17660167,1715366721,26256,732991239,192886,2448357960,219142,18641236,4809,540984118,755802,83323,5,724719,462,49920195,987,101127610,26061,9042987,871,73473567,10448,297109759,27751,2699964143,1337583,42897601,10022,3614568329,2061341,18065839887,15598826,26658012713,3704114,44723852600,19302940,-2631633341,-139499,-2293632289,-504024,-134064572,-577,-13035899492,-3666005,26628622906,14992835,-116633354,-2476,-1106255470,-17903,-4535348703,-2093458,20870385379,12878998,-5091490347,-9244622,-11350286202,-1362734,4428608830,2271642,16916673195,14384066,26658012713,3704114,43574685908,18088180,-2615889952,-137636,-2198440066,-410914,-133656102,-574,-12638719371,-3605915,25987980417,13933141,-116233958,-2462,-1104336917,-17661,-39685551,-34870,-473892021,-1497797,-5291225395,-1609048,-3918569621,-317779,-1930368388,-8092090,13113668566,2361434,-11700783155,-1412643,1412885411,948791,601367,4008,142158698,7221,922666694,2612871,313228306,8893,1458,1,16969881,121845,143621264,1247305,446453402,554173,3353146737,3065894,18068207,1514,5356916014,7623725,33924967,14673,11434404138,1272615,1866196090,461267,13231449510,1953773,26658012713,3704114,196375335,80033,1015853913,405366,-466061315,-19049,-1211481,-6449,548581117,380478,2,2020,3,2020,2,06,30
2020-06-30,Direct Loans,D,Non-CFO,02,24888582530,353,2762457503,351,794999998,-3863952077,-3863952077,0,0,0,0,0,0,-80752,159,-107599,0,0,0,26847,-526842,-1,0,0,-526842,-1,24581480360,708,8626828236,332,0,0,825474126,26,404658180,24,2899019863,0,0,118555618,8,25345376,5,2853967,2,829627,2,355375,3,15000,1,4775144,6,73600318,16,235782361,6,371030537,13,3346897939,72,4180041262,134,649770939,41,0,0,3530270323,93,0,0,4180041262,134,0,0,0,0,0,0,0,0,0,0,0,0,0,0,0,0,0,0,0,0,0,0,0,0,122428220,12,25156368,4,147584588,17,4032456674,117,192302829,133,4224759503,250,0,0,-305470868,-30,0,0,-139197025,-68,3780091610,152,-3505110242,-89,0,0,-230820413,-9,44160955,54,0,0,-44160955,-54,0,0,4032086299,113,192302829,133,4224389128,246,0,0,-305382782,-27,0,0,-139197025,-68,3779809321,151,-3504827954,-88,0,0,0,0,0,0,0,0,-755877,-5,-230064535,-4,44160955,54,-44160955,-54,0,0,0,0,0,0,0,0,0,0,0,0,0,0,0,0,0,0,755512,13,0,0,755512,13,0,0,44160955,54,0,0,148141874,79,192302829,133,526842,1,0,0,0,0,0,0,0,0,3,2020,3,2020,2,06,30
2020-06-30,Direct Loans,D,CFO,03,1482480575390,196992380,216787077922,14011640,33042884986,-68996894696,-20468738028,-45020582727,0,-625835390,-81216742,-41993840,-2758527969,-16812920675,141206280,-985474143,20000000,-17380657235,-5355238,1538565941,-8778996226,-51727259,-3592510272,-390736,-5186485954,-51336523,1637721726701,199935730,3026714456,153,18066139988,10967,1842982490,26704,7188245796,40709,105319475656,0,0,95412809,251846,51539207,329607,108350322,505780,72661486,137206,65634804,77403,57262960,60032,302049168,303040,21684235101,3801891,67291084313,11891472,24920408909,4631847,10649043034,1368152,125297682113,23358276,981491285,25620,124301665072,23332647,9804014,8,4721742,1,125297682113,23358276,707059817,24854,124103504704,23327970,124810564521,23352824,6706008,6820,17360715,12438,17128088,449,19493776,444180,14769878,81,29163614,358,1907467,80723,1023845,11,40143562,542289,169196666,45015,21268679,92390,327963824,1224439,124969718289,22133837,13630677548,990151,138600395837,23123988,-3274631133,-374799,-2143396911,-5969,-1002653385,-16054,-9895076816,-1263743,122284637592,21463423,-21812133,-146,-455640584,-15307,-1197836097,-32964,120609348778,21415006,-117539096046,-20934936,-1066997209,-39402,2003255523,440668,124846820525,21996402,13630677548,990151,138477498073,22986553,-3272114840,-372939,-2136886078,-4436,-966849988,-15625,-9863310984,-1247430,122238336183,21346123,-14934298,-89,-408546558,-15243,-93199055124,-16666161,-661224741,-8141,-25841727662,-4579227,-279537744,-15948,-527548064,-15084,1305761992,46230,-1297900926,-46214,7861066,16,355742236,1176152,21746843,12125,8621992,3912,3640734719,46600202,0,0,646200050,4996822,32296141,91764,381438759,1097564,675840812,104596,56401701,3,5819023253,54083140,0,0,1160253939,39246,340481477,8058,12211062805,943587,13630677548,990151,2120358131,256013,10262595444,21551454,-184068681,-9986,-859451,-5032,10077667312,21536438,4,2020,3,2020,2,06,30
2020-06-30,Defaulted Guaranteed Loans,F,Non-CFO,02,1341550487,1099,327474484,172,259062990,-309225949,-308923055,-302894,0,0,0,0,0,7378199,-4,0,-735636,8113835,0,0,-139489864,-100,-138157735,-96,-1332129,-4,1486750347,1127,225619972,26,0,0,61832871,8,104637059,12,7582982,0,0,55746825,29,14049482,11,6883570,9,1642190,3,1610099,14,13368678,9,13961609,49,71208300,47,195751225,200,119906613,215,423981485,348,918110076,934,823751889,921,0,0,94358187,13,0,0,918110076,934,0,0,0,0,0,0,0,0,0,0,0,0,13618669,5,0,0,0,0,0,0,0,0,0,0,61941908,44,2761489,1,78322067,52,839788009,882,477032502,43,1316820511,925,0,0,-62933390,-44,0,0,-477032502,-43,776854619,838,-91596699,-12,0,0,-685257920,-826,0,0,0,0,0,0,0,0,824809232,859,477032502,43,1301841734,902,0,0,-52853476,-40,0,0,-477032502,-43,771955756,819,-91596699,-12,0,0,0,0,0,0,0,0,0,0,-680359057,-807,0,0,0,0,0,0,302894,72,0,0,0,0,0,0,0,0,0,0,0,0,0,0,42192845,115,0,0,42495739,187,0,0,0,0,0,0,477032502,43,477032502,43,0,0,14024151,11,-14024151,-11,0,0,0,0,5,2020,3,2020,2,06,30
2020-06-30,Defaulted Guaranteed Loans,F,CFO,03,106268986847,10481499,12078664164,96921,4466653287,-6377799858,-2633265606,-3289813619,-12400000,-320932942,-20005,-18109739,-103257947,-1672866223,2016453,-632264945,-118794854,-1500078311,-6548966,584820853,-2560912766,-362153,-1915026189,-138002,-645886577,-224151,112202725451,10677949,145597739,1,0,0,287513601,3118,371807303,3209,29174197388,0,0,97226860,185127,34045833,10409,3320045904,404933,22199346,5771,77031883,4345,825027263,95827,2026827797,177192,5803521085,622033,10878378727,1247955,9464476333,1243717,21359820444,3201604,53908601475,7198913,3236392399,204167,50672209076,6994746,0,0,0,0,53908601475,7198913,402736261,2139,50656512338,6993966,51059248599,6996105,5425122,181,247049,22,470441,4,532114,11071,4524524,11,0,0,179955,2257,151257,10,20212356,14807,170674080,188443,3275072480,389710,3473517943,606240,50435083532,6592673,18690044512,420966,69125128044,7013639,-1069141788,-43663,-229534986,-272,-206496870,-917,-6690742961,-486145,60929211439,6482642,-9033,-1,-999696243,-50589,-17136683603,-700343,42792822560,5731709,-26016555908,-3812500,-11239280787,-81459,5536985865,1837750,49533024386,6492501,18690044512,420966,68223068898,6913467,-1068066090,-43587,-229297105,-243,-206422583,-915,-5805426461,-390202,60913856659,6478520,-9033,-1,-999685386,-50587,-17860417859,-2750562,0,0,-27581100715,-3546015,-2346655949,-39441,-828849224,-8098,11297138493,83816,-11296378398,-83798,760095,18,14076543,45973,14643190,23748,6198359,22423,2257409024,155458,12400000,1,251724800,403671,32603058,59502,279560502,342532,442782829,27015,0,0,3311398305,1080323,0,0,11263619697,82485,448048271,9878,6978376185,328603,18690044512,420966,995389933,99691,1924257738,383131,-207120979,-2010,-40144,-1432,1717096615,379689,6,2020,3,2020,2,06,30